4.003200000000000000e+06,6.677349656612818762e-01,1.001601197491226669e+00,2.444626947035637154e-01,6.477408648870364161e-01,9.708318078131509266e-01,0.000000000000000000e+00,1.001601218374623459e+00,1.457419420094984819e+00,5.829653614944323436e-01,1.943219083386946044e+00,2.933544540827639491e+00,1.199058672387305124e+00,8.968701319971469355e-01,5.397826058209875821e-01,1.428836029063085267e+00,3.689416666552112756e-01,1.535390002764167594e+00,1.187641547606711923e+00,1.403433132469114275e+00,8.225694435725018350e-01,8.516836371977355435e-01,8.194508959568915785e-01,1.081395024096992730e+00,1.080427570296459416e+00,8.859057905082590167e-01,9.994668080183062298e-01,1.044747188824553641e+00,9.793803413296331417e-01,1.025741634683940307e+00,8.816910956884278505e-01,9.656794528515829645e-01,9.948652114907364785e-01,9.659789873463370258e-01,8.229627446373997124e-01,1.042479112637193062e+00,8.453361922601793088e-01,1.055266889461679680e+00,1.028978083503019336e+00,1.038908790815519678e+00,9.915236817751867937e-01,9.505996812320961498e-01,1.013625971619532162e+00,1.061589680588008067e+00,9.904391477016266654e-01,8.012819999999999069e+06,9.547176876328091755e-01,9.457879118938014029e-01,0.000000000000000000e+00,1.010221270645812908e+00,9.784466519962012887e-01,1.020906297560661091e+00,1.140317930979866112e+00,1.017632984453899825e+00,1.036653287367897747e+00,1.022659073393511253e+00,9.847727978124434234e-01,0.000000000000000000e+00,1.036944498727195185e+00,0.000000000000000000e+00,0.000000000000000000e+00,1.025706950268627793e+00,1.051699930871384581e+00,1.001735696704017853e+00,1.012884969044185235e+00
1.021835686581664238e+00,3.875970000000000000e+06,1.650849999999999814e+07,0.000000000000000000e+00,3.818250000000000000e+06,4.030630000000000000e+06,1.015316648909821096e+00,1.174170000000000000e+07,1.002402833279794070e+00,9.778507909005121901e-01,4.889247714060284689e-01,2.548457363533505049e-01,7.135692417264835052e-01,1.745479186464689247e+00,1.197878137319232872e+00,5.600458573957589614e-01,7.333961626223771679e-01,1.272558894182237443e+00,1.884732640954615457e+00,1.065284463992834496e+00,9.000446464417616310e-01,7.290278429293789442e-01,1.089911613357410269e+00,9.230474695581656341e-01,1.018074200433059406e+00,1.032592030645660630e+00,1.008598834484043305e+00,1.021171257151560763e+00,1.121517828067501110e+00,8.935860466165450600e-01,1.043348432237960477e+00,9.570687077495539929e-01,9.982279446778993259e-01,9.934431724718695289e-01,8.893013205386769426e-01,1.031138403742718035e+00,1.237412414254622561e+00,9.904966947205999794e-01,7.899214924673809701e-01,1.036030206009265431e+00,9.780387195641691012e-01,4.027390000000000000e+06,9.934948781315176003e-01,1.006441933059295080e+00,1.000699042297094499e+00,0.000000000000000000e+00,9.838241204347045743e-01,0.000000000000000000e+00,9.794994590031294024e-01,1.104056015083223263e+00,1.073810066404835117e+00,0.000000000000000000e+00,1.081957153896977220e+00,1.037277999792544314e+00,9.752140694040368762e-01,9.540811631502367218e-01,9.921555830024412215e-01,1.007574417372712805e+00,9.508434579879047055e-01,9.128129151018615772e-01,9.801948436715184343e-01,9.825506481205098508e-01,9.731664972357469967e-01,9.952106380500174154e-01,1.009642677261222143e+00
5.956965272690958324e-01,2.053504010115780876e+00,4.268590279169582336e-01,1.003204994578214215e+00,4.019289999999999534e+06,1.044990777719665642e+00,5.224947881209397460e-01,1.600025241021345301e-01,0.000000000000000000e+00,9.260368512375111161e-01,8.194502063995320329e-01,5.645459458908372863e-01,1.056768482947656906e+00,3.293564034492796333e-01,4.940353728054609483e-01,9.491580582836564028e-01,4.745888028818332494e-01,6.413891458863530959e-01,1.321536747519560295e+00,1.653473750485341842e+00,1.029195620147258738e+00,8.671726161706162506e-01,8.144728648973693641e-01,1.014452262905516600e+00,9.351842382557782329e-01,9.119603621479718258e-01,9.184131070414647269e-01,9.119885673542414972e-01,1.015263025765410498e+00,9.845977464535715651e-01,1.020663970449738223e+00,9.648110148547651699e-01,9.521160319016768181e-01,1.038133393515199288e+00,6.519005326386780874e-01,9.491764840782037638e-01,1.040266315603651348e+00,1.130880039283542748e+00,8.763340698211764535e-01,1.056016503321704381e+00,7.314316227030162043e-01,0.000000000000000000e+00,9.765117022558598148e-01,1.056002678616410728e+00,1.054238123794005944e+00,0.000000000000000000e+00,1.089403686694401019e+00,1.083879162344196789e+00,4.140789999999999534e+06,9.708050583979124237e-01,0.000000000000000000e+00,9.849180749893394760e-01,9.941915069963439544e-01,9.546542526275763052e-01,1.017391997361538847e+00,9.402552687072406323e-01,9.708292268527191071e-01,1.081713687113308398e+00,9.999999998999999917e-01,1.019387969299582641e+00,1.025826887444174274e+00,1.021014860961486193e+00,9.770680927501019797e-01,9.762892403410680098e-01,1.000671396490526277e+00
5.007999513611558484e-01,3.968250000000000000e+06,9.508394917343654384e-01,3.070409149317511410e+00,2.999999250000187079e+00,1.999999500000125163e+00,9.984010295760817888e-01,1.016941068251481450e+00,9.864923534138958505e-01,6.763374228787981668e-01,1.004007932197066300e+00,7.530067618461000478e-01,4.060089999999999534e+06,1.283658741447601059e+00,9.731628870058625091e-01,9.731642359549248500e-01,8.651708974655311080e-01,7.892002815202378008e-01,7.735180255447811071e-01,1.002056214644786225e+00,8.019691331279277247e-01,1.167928293975079690e+00,8.566244227469196337e-01,1.108489140680645857e+00,1.022966722686404539e+00,9.929333657810827107e-01,1.076868722301631554e+00,9.039912454629766003e-01,9.525250271023173454e-01,9.513767106972260690e-01,1.011689839988010986e+00,9.803710941730080508e-01,1.038534480583459541e+00,9.484877855224151944e-01,1.022284317554162714e+00,1.015141506590884646e+00,1.031351798463703506e+00,9.967989964999568464e-01,9.488768074476717773e-01,9.900149639874287200e-01,3.965110000000000000e+06,9.825513128951059993e-01,1.473826578041888435e+00,1.075190277913430137e+00,1.007772224875320699e+00,1.169645093132053892e+00,8.287919405423321839e-01,0.000000000000000000e+00,9.606027488639837797e-01,0.000000000000000000e+00,9.900531426903732557e-01,1.019108813795471802e+00,0.000000000000000000e+00,9.859540625517460022e-01,1.091439124918877068e+00,1.099435874859819640e+00,1.049590331740372751e+00,1.038336313173843006e+00,9.208785404780720496e-01,9.694940977916454150e-01,9.457353726514640124e-01,1.023503597575070811e+00,1.031696447060838295e+00,9.561883898298204620e-01,9.864959623974239866e-01
8.120179999999999069e+06,1.971404396761389011e+00,3.528520582226206681e+00,0.000000000000000000e+00,9.623249293624225320e-01,0.000000000000000000e+00,1.510844967465160282e+00,2.992800409307705412e+00,1.028399367162251110e+00,4.316621523486550593e+00,4.796239679547296575e+00,1.371200546614455673e+00,1.131733532000560816e+00,2.988032020290084745e+00,1.018569001809240815e+00,9.325869496770134992e-01,1.156458144913945718e+00,7.870041366925236703e-01,7.885639038117259192e-01,9.857022159031523234e-01,1.119126407233452580e+00,7.461004031725589902e-01,1.145236021721256714e+00,1.224975287661726142e+00,1.033105388538584357e+00,1.039073541060523187e+00,8.602009196263256108e-01,9.622168624744366072e-01,9.505662995272368132e-01,1.026050085126341216e+00,9.527468469910094218e-01,1.015951683750844881e+00,9.743446033062463929e-01,1.300380900083170310e+00,9.389032376470389796e-01,9.131998898523110419e-01,9.565066810630266092e-01,1.032520410787641785e+00,6.195105881085931188e+00,1.018422208204437629e+00,1.033186745230402215e+00,1.176213943079073454e+00,0.000000000000000000e+00,1.089883581996418771e+00,1.061829434108211068e+00,4.043669999999999534e+06,9.943930902685701456e-01,9.828894560694225735e-01,1.008055796677854055e+00,9.903091014584005647e-01,1.094307163288462670e+00,9.630916404078597726e-01,9.577128543375426073e-01,9.311245659979742184e-01,1.026706149585652650e+00,1.203121915048420032e+00,1.015490370563504552e+00,9.630979833214171615e-01,9.335037003213944029e-01,9.896547263983871412e-01,1.022530944893196958e+00,9.807726123841853383e-01,1.012074592347988578e+00,9.888634758018652882e-01,9.450895713147547950e-01
1.006420228925214433e+00,0.000000000000000000e+00,1.030869434896631187e+00,0.000000000000000000e+00,9.912373569774899362e-01,3.968250000000000000e+06,1.530299873099947305e+00,1.428279899591965219e+00,0.000000000000000000e+00,1.020202401502577239e+00,5.032089470682207244e-01,1.947891849123382368e-01,1.354831550733187395e+00,1.101842168032763025e+00,1.399161619154330738e-01,8.903770176513861045e-01,5.826654464104891185e-01,1.504152617249369328e+00,7.485326104504167466e-01,8.268143654178951030e-01,1.051714714118591409e+00,8.020354699358691608e-01,1.074784446107347469e+00,9.719743007692083214e-01,1.002282811065419832e+00,8.125406776859165348e-01,8.552734735468000560e-01,1.035993986878143369e+00,9.559533787194182120e-01,9.960187088753671425e-01,9.921497886307604208e-01,1.029219571996588423e+00,7.770268668532666068e-01,9.693688032175015179e-01,1.266333606902119602e+00,1.017492643540979236e+00,1.020757765797642547e+00,1.009083801026113170e+00,1.124743734961624497e+00,9.047430611580713489e-01,1.084408071647593230e+00,1.215257471651709276e+00,9.551987245096853485e-01,1.047358661813769354e+00,9.382226701273538305e-01,0.000000000000000000e+00,9.421201879207823371e-01,1.114168711341996021e+00,1.153141406119433166e+00,0.000000000000000000e+00,1.046681637393749753e+00,1.031724922668159294e+00,1.085890499179088309e+00,1.014446342094238451e+00,9.425068224826878005e-01,9.516008229925980721e-01,9.516008229925980721e-01,9.487281434537836455e-01,9.750109596734505280e-01,1.037484145918971867e+00,1.005613707051769445e+00,9.896302961403925513e-01,9.841307948507296288e-01,1.036684841932426160e+00,9.496887965473689297e-01
1.022653285623223551e+00,4.022452441188293371e-01,9.841266455875060659e-01,1.000800194977966795e+00,8.339874526483372907e-01,1.311118677572121305e+00,3.993609999999999534e+06,2.472156715242394276e-01,2.361901149137151545e+00,1.055922595408176790e+00,1.231907328129969503e+00,1.259032364262028691e+00,1.402311897870000212e+00,8.785073669450130796e-01,4.016026772610018503e-01,7.015544463067983072e-01,1.061100010283994255e+00,8.816499266346455865e-01,9.322931494033320776e-01,1.137874977661697651e+00,1.185346879209550952e+00,1.115160553768961726e+00,1.204951284284602187e+00,9.068602890532152516e-01,9.222007986750780928e-01,9.751272060074863690e-01,1.066199331322484456e+00,1.121460431941242009e+00,9.548014082056933693e-01,1.032644405162865597e+00,9.741405959641854517e-01,1.114391001258607572e+00,9.936206731620906840e-01,9.273792837769785358e-01,9.745431469052076023e-01,9.670466374969199919e-01,1.048842609109444490e+00,9.092057081126110329e-01,9.609639694669411814e-01,9.757872857838879588e-01,3.952569999999999534e+06,3.952569999999999534e+06,0.000000000000000000e+00,9.959998280285672356e-01,1.043631260220817314e+00,0.000000000000000000e+00,9.992013193723309206e-01,9.433921324490425198e-01,9.562384901626539424e-01,0.000000000000000000e+00,9.558930512053085415e-01,9.716021983340071833e-01,9.850746623565769244e-01,9.393227695646062525e-01,1.001013040564062262e+00,1.072672492267691569e+00,9.829234172032855765e-01,1.012883838037928586e+00,9.237973620520339990e-01,1.067810416866408429e+00,1.001597271327817174e+00,9.833422586196058912e-01,1.051701852541833127e+00,9.546537186808532471e-01,9.841280389449647004e-01
1.935460550113101696e+00,5.764797675356018170e-01,0.000000000000000000e+00,2.405370218575652252e+00,3.960400000000000000e+06,1.960399798666815352e+00,1.979410000000000000e+07,9.833380026296593135e-01,9.904458273859744200e-01,9.042844008664766564e-01,1.199999999999999814e+07,1.641520220848649014e+00,9.465430824023016720e-01,1.242641749382787264e+00,1.037489834618344098e+00,1.372801715727364424e+00,1.509071260083355570e+00,1.157690342109942927e+00,1.169488316692065766e+00,8.106493777685330748e-01,8.384563209261882699e-01,1.052039027937782256e+00,1.073548606026493157e+00,1.192796028847985745e+00,9.414138205995978836e-01,1.001830243840244217e+00,9.527281844393623578e-01,9.759615382269324346e-01,1.037895117210999363e+00,1.035067825596656332e+00,1.119559284984754211e+00,9.987004337015640276e-01,9.872098709063407140e-01,9.214019853854844566e-01,1.050507090724399184e+00,1.050170367572416108e+00,9.447678711397650142e-01,9.226417506655170131e-01,1.113331665136735982e+00,1.055596045037419106e+00,9.485011715521475262e-01,3.960400000000000000e+06,1.010796848323046504e+00,8.809582273418821163e-01,1.000886512700917219e+00,3.968250000000000000e+06,1.029167833843096513e+00,9.880697742780966131e-01,9.849096483199955010e-01,1.029218084343504591e+00,0.000000000000000000e+00,1.019385595789457089e+00,9.809714432450318267e-01,9.356850749720092564e-01,9.638688710346310362e-01,9.233936332226947430e-01,9.872781828401250293e-01,1.036370067176174414e+00,1.021018987820585311e+00,9.944165219694831581e-01,1.023469495015998154e+00,1.025932419421315744e+00,1.021017501177527986e+00,9.747232671767116496e-01,1.025110405902787125e+00
3.378966072743848081e-01,1.013692338812623550e+00,6.116315857993728233e-01,4.027390000000000000e+06,1.557030000000000000e+07,5.805507287281552742e-01,7.968129999999999069e+06,9.920318779661336794e-01,2.089978274868351527e+00,5.224953888598328433e+00,2.333756654791220519e+00,1.040816428010155503e+00,1.543419051612981541e+00,2.081632590612283007e+00,5.512218708800881162e-01,1.300156679089423006e+00,5.282547797903027753e-01,6.288225612734804626e-01,9.546572642949013865e-01,2.133941090733840973e+00,1.067521079598932943e+00,9.983277712181888308e-01,7.962598466849517553e-01,1.079329226334541980e+00,9.674709894092050622e-01,9.868283193707673151e-01,1.031889067356611012e+00,1.050771641411966550e+00,1.041914173608091687e+00,1.012239179349736728e+00,1.032094656020899670e+00,9.381694878396925619e-01,1.098557714634911475e+00,9.304885187303446603e-01,9.531010333494520648e-01,1.061487946446226349e+00,1.634975131229206680e+00,9.530985671569752737e-01,3.898640000000000000e+06,9.690581171383503278e-01,1.003205072962057187e+00,9.697246100347703957e-01,1.022313130636686163e+00,1.071561398024790890e+00,1.096908795170747464e+00,9.679898728663932639e-01,0.000000000000000000e+00,9.950631098427009658e-01,1.014009506321380094e+00,1.031566401412973066e+00,1.006814648232413179e+00,9.902113530470422198e-01,0.000000000000000000e+00,0.000000000000000000e+00,9.332454941101017143e-01,1.001599260116811996e+00,9.992043102190941717e-01,1.019386258196795625e+00,9.548950950085867140e-01,9.778474377531151118e-01,1.088517844509677701e+00,1.010202386681868791e+00,9.904641497137355310e-01,9.841286059100701200e-01,1.019833605952898292e+00
5.183296513568468322e-01,2.013689999999999627e+07,5.024050693340847973e-01,9.896539960174340900e-01,4.437338894513864207e-01,9.638623520182993953e-01,1.525419050009195310e+00,7.741698848022849910e-01,1.861608864150950282e+00,8.957050185344899162e-01,8.842230460288784677e-01,0.000000000000000000e+00,3.276092739463191350e+00,5.125561286989211984e-01,1.171554459015787808e+00,6.437781544624546770e-01,6.352855823568686056e-01,9.681655771522992282e-01,9.871481153990637747e-01,1.089096142313701998e+00,8.777419187966857272e-01,1.011419237369043600e+00,7.835947264067409934e-01,1.179151247036688721e+00,1.012893193153672211e+00,9.054859169735310909e-01,9.702171308365122870e-01,1.087179679727560799e+00,9.530109531619260776e-01,9.745910020649110050e-01,1.028477100944228395e+00,1.000292177134378457e+00,1.023560248194539168e+00,1.010613819965255233e+00,7.640158923827280457e-01,1.051307407005768857e+00,9.920317445377448973e-01,9.865107725389939963e-01,1.031414449973445890e+00,1.074689427696867705e+00,9.942283141608101449e-01,1.018905820709096632e+00,3.968250000000000000e+06,9.553963097541140481e-01,9.562130327539308805e-01,8.752770631733978179e-01,1.037919594657529032e+00,9.549428527864605165e-01,1.021835557472706491e+00,9.622283911926280409e-01,1.070142623858802322e+00,9.801991959903175733e-01,1.042495255614744654e+00,1.014850777954235284e+00,9.778414932197816434e-01,9.896509533388058166e-01,1.011021984206419866e+00,1.044158285254436658e+00,1.103427695276142817e+00,1.090262595085883301e+00,1.037485284007702679e+00,9.841287633565668491e-01,1.025934976618524619e+00,9.770632134654215761e-01,1.017754249284134049e+00
3.968125021865305690e+00,1.579651962379676755e+00,6.602956849620842394e-01,1.800810595247226142e-01,1.238057544966937984e+00,9.936204322600874494e-01,3.980850060392242096e+00,1.430858921749581070e+00,4.552732992013315827e-01,3.004799708166935091e+00,1.001601239258021581e+00,1.427142049533965729e+00,7.475496050353848121e-01,1.698975220661135932e+00,2.665507785013302655e+00,1.184674789999114353e+00,1.523152700838755091e+00,1.213440273154434479e+00,9.935091241724347544e-01,1.691306265270376974e+00,1.021838584469339617e+00,1.072089907030900235e+00,1.214064643194570081e+00,9.770178493735161007e-01,1.042531566471704974e+00,9.860124358110560205e-01,9.403277618327738896e-01,8.047008719978966385e-01,9.468681537539558324e-01,9.510066189584122087e-01,9.671610343257788234e-01,9.679338818468503636e-01,1.058631677274939120e+00,9.896776699299236757e-01,9.987595412562061403e-01,9.608124196544198803e-01,1.035082700480443263e+00,3.880480000000000000e+06,9.641862514116040783e-01,9.163062263078678438e-01,1.049531523925790300e+00,0.000000000000000000e+00,8.906646426883092493e-01,9.599642916326012188e-01,9.010066760508984585e-01,1.284411377950609223e+00,1.046630563533887504e+00,9.433156045907383769e-01,1.066837111554922224e+00,1.020408343153030195e+00,1.031735783158935327e+00,4.066690000000000000e+06,1.003152550462562909e+00,9.661834655863095200e-01,9.589068183989041261e-01,1.038321418821027020e+00,1.016939751181512586e+00,9.849163895216676012e-01,9.976009028078425267e-01,1.011263976793123964e+00,9.869710154727651119e-01,1.049179723168214728e+00,1.024292886917153034e+00,9.936153032363468363e-01,9.976058250267079153e-01
1.353751093349754742e+00,6.845017927538473712e-01,1.955693888553933002e+00,5.595428385598145704e-01,9.762878928828110370e-01,6.845971016163391321e-01,6.592404181759248250e-01,1.301714537936540017e+00,7.593338467463512931e-01,7.961701709304037644e-01,6.785051164603279616e-01,7.071912930016047705e-01,8.168033837822581411e-01,5.147936212338978246e-01,9.723870417786949494e-01,8.408397074718382269e-01,1.055169760216976282e+00,6.839972196995296461e-01,1.029435641437775217e+00,8.737512518287754437e-01,1.419800460920292773e+00,8.667959189464359282e-01,1.206116740347943139e+00,8.962117302925531881e-01,1.011266236373498106e+00,1.010418292354463121e+00,9.803007302983867133e-01,9.639340461283207873e-01,9.392456937858660870e-01,9.374875712089016933e-01,1.114504699239148300e+00,1.002123709632473325e+00,1.182356137567018406e+00,9.725662643573109722e-01,1.018049977300627962e+00,1.008078479107914038e+00,9.532628531794142823e-01,1.537667583171965502e+00,8.680592477780153526e-01,1.055725369470859931e+00,9.928539999007146566e-01,8.729926447634238640e-01,9.698459206857831250e-01,6.563244548805410306e-01,0.000000000000000000e+00,0.000000000000000000e+00,0.000000000000000000e+00,0.000000000000000000e+00,9.692372572374242656e-01,1.014338719697256197e+00,1.121342172056718267e+00,0.000000000000000000e+00,1.031727420330977196e+00,9.488644918659734362e-01,9.031554294720626208e-01,9.889216271026053384e-01,8.774332452395759985e-01,9.849155468129214830e-01,9.968001516561536546e-01,9.716062890264077767e-01,9.600135230864196290e-01,9.872816516973745848e-01,1.049343693360388130e+00,1.000799318828132556e+00,1.040297514699875858e+00
1.196170000000000000e+07,2.009622783334759522e+00,2.058435540805080510e+00,1.016127974375544696e+00,8.129003234213320050e-01,1.923103789810064468e+00,1.438611088882245426e+00,2.771078166870946102e+00,6.438865262944906132e-01,8.764010934872555891e-01,1.938557766608771438e+00,1.314603224538955617e+00,8.593143678299075550e-01,9.145632660823928006e-01,9.815335794795995161e-01,5.271157115507949520e-01,7.731025787015874950e-01,1.198636827674933958e+00,7.365784348439614604e-01,9.455258332899121321e-01,1.051872162495372187e+00,9.054739064357666400e-01,1.071653930349477424e+00,1.052923724189601451e+00,8.598428685795262982e-01,9.995467497408285773e-01,9.387280067418408702e-01,1.109313251791816946e+00,1.049458758999202601e+00,8.951016539037577324e-01,9.853860346850235041e-01,1.120521248889168708e+00,1.080705865136537103e+00,1.062932567661672545e+00,1.082191780292469874e+00,1.041049659639737168e+00,1.047002804597338077e+00,9.466614872322088869e-01,8.291757993647501657e-01,1.337313303736452852e+00,4.045310000000000000e+06,3.916960000000000000e+06,9.975907508107871857e-01,1.018355740457270509e+00,1.016920080333681531e+00,9.936676807769182496e-01,1.105321340887313930e+00,1.095436530858922897e+00,1.053425292229905219e+00,1.041677717238478573e+00,1.104771877277470837e+00,9.872760870528175525e-01,9.708255343344671662e-01,9.554292062947294939e-01,1.043499297738708087e+00,9.998369436305148961e-01,1.084192924272653125e+00,1.075555665993466858e+00,1.067606002722376157e+00,1.108310566367472605e+00,9.976028525057577534e-01,9.739391366044537479e-01,1.021156973327563611e+00,1.006424133132595156e+00,1.052536025518468810e+00
1.355924255804684231e+00,5.020018911910900661e-01,2.712629043307613674e+00,1.003205095059229945e+00,9.036051697234692703e-01,1.431977934555681564e+00,1.086280118344487233e+00,6.528649441494676076e-01,1.614633609801243930e+00,1.795379679595270117e+00,1.131001595556498263e+00,2.827510745541561121e+00,9.339248961208072020e-01,3.990400545743606919e+00,1.060156739805249160e+00,5.848333230376672187e-01,1.112296844011452457e+00,1.060156775513275029e+00,1.119883884584862432e+00,1.348208998000369307e+00,7.945521181532978483e-01,9.584812334243646426e-01,9.304994435717395262e-01,8.908504552742556593e-01,9.154471746218924011e-01,1.026562548439371447e+00,1.170374855502448908e+00,9.672966822970430201e-01,1.025882674188669963e+00,9.762145143426974592e-01,1.024005763281505610e+00,8.880482768007464944e-01,1.024655778058142896e+00,9.802230159636290407e-01,9.612151633234070625e-01,1.090331923601257191e+00,9.526499651907416322e-01,1.019087696730405002e+00,1.246983099240536852e+00,1.080964621820695415e+00,1.039152453387191199e+00,0.000000000000000000e+00,9.452519763416499243e-01,9.795295855320814704e-01,3.328003986144085768e-01,9.572939264424532579e-01,9.817289040498824448e-01,9.816479695889286372e-01,9.702601245325899182e-01,6.544323875429614024e-01,9.859864733438591378e-01,1.567665174374137882e+00,1.023819966698387374e+00,9.840515514426707577e-01,1.016795139506468937e+00,1.071231580917098247e+00,1.114972273449699403e+00,1.046659343114973995e+00,9.786213241601078305e-01,1.044150195986962126e+00,1.025931631462936755e+00,1.017757722938184672e+00,9.692668274194429223e-01,1.046660943466551030e+00,1.008029495266540732e+00
0.000000000000000000e+00,1.954132003475950619e+00,3.275190742560546653e+00,2.518064649551224665e+00,4.523680402765153930e-01,6.285552561922737036e-01,3.436240752244803520e+00,2.973718293428260662e+00,1.038440830064751852e+00,9.204355585504144788e-01,1.982477366185749101e+00,8.508377316371630306e-01,1.412371178700853713e+00,1.033347439059962847e+00,1.056074663501778144e+00,9.203273958731049698e-01,6.815311383832267644e-01,1.075635090305333108e+00,6.059912867065970765e-01,8.040090266151262988e-01,8.718535690895530266e-01,9.632022428140846193e-01,1.349217944539512049e+00,9.870527003120459497e-01,1.022614807274316417e+00,9.161256827453967411e-01,1.070787252979580773e+00,1.076758658839586325e+00,1.070859673090764685e+00,9.299935987610060684e-01,9.301174747400864362e-01,9.185248595349934098e-01,9.191617445313108314e-01,1.015310751042666437e+00,1.044122769723658584e+00,9.751159238799251838e-01,9.278369349180202175e-01,1.018253762649272032e+00,1.053679734761372222e+00,1.037264626604104789e+00,1.138314462729645316e+00,9.244754568787965088e-01,9.702482238244467538e-01,0.000000000000000000e+00,1.170297748389165449e+00,0.000000000000000000e+00,8.729851754843169775e-01,3.954130000000000000e+06,1.101826972189600573e+00,9.174953717725744529e-01,1.016480931701835733e+00,9.938286519592395285e-01,1.035415948681342568e+00,0.000000000000000000e+00,1.007458706389968262e+00,1.025935583370720661e+00,9.472699364965672109e-01,1.035834431689034663e+00,9.615530227783011252e-01,1.009151200652794511e+00,1.011262846582805741e+00,9.999999998999999917e-01,1.096382501081721861e+00,9.493209671151997542e-01,9.493209671151997542e-01
8.393569915673732007e-01,9.936204263977893580e-01,5.395404368730532418e+00,8.174855022785213476e-01,2.482012726135116143e+00,1.241006363067558071e+00,3.860189810631450280e-01,1.134480622789378446e+00,1.035830820626321369e+00,8.977146415288138614e-01,1.241548706771815169e+00,1.284671944168121804e+00,1.038132154694944909e+00,1.344045842851865125e+00,9.324413220311223993e-01,5.088145414436432423e-01,1.400210648476839514e+00,1.335913636365817503e+00,1.371896864901166246e+00,8.596108721512532025e-01,1.011379448536987802e+00,1.097401307518784730e+00,1.143406893542399105e+00,1.039983105647795947e+00,1.014344275897324232e+00,1.243035608116384916e+00,9.003775370639747200e-01,1.021418786971532766e+00,8.973950105342159977e-01,1.019961559461370459e+00,1.034574642617315021e+00,9.959572132668268463e-01,9.557363781103918043e-01,1.087854554963871845e+00,1.019273953096413665e+00,1.049121614970408345e+00,1.067248078952670154e+00,8.821286207000214041e-01,1.014162371554100606e+00,1.335664029111646611e+00,1.069139938230066811e+00,9.908137031178192444e-01,9.702341395360370990e-01,9.647764944681835875e-01,3.897120000000000000e+06,1.052079613331748931e+00,9.189174729110034523e-01,9.823475325254189539e-01,0.000000000000000000e+00,9.370278184270726118e-01,1.006094541646795681e+00,9.772727697563621252e-01,0.000000000000000000e+00,0.000000000000000000e+00,1.043506702453687485e+00,1.000055204256251162e+00,9.936253350817266794e-01,1.007082603268125931e+00,9.976019255510675254e-01,9.765363904973717313e-01,9.839760227334238829e-01,1.016133340623042836e+00,1.031694679459282282e+00,9.654063881115079182e-01,1.016944537621054412e+00
5.952194424739211120e-01,1.910163496412980777e+00,1.011262610928953531e+00,7.584470275338444090e-01,7.530056781724808745e-01,1.026296498050069950e+00,1.285904965762102226e+00,1.137849222614148115e+00,7.151562533857350745e-01,1.738865485157443880e+00,1.206337799427668056e+00,1.446088989645226031e+00,1.017750952850814627e+00,1.192226481007742755e+00,1.217777729433952905e+00,8.046399040358291899e-01,1.234062074540420051e+00,9.892878693224277376e-01,7.684498495899181325e-01,8.994947335411435096e-01,1.257392557298642854e+00,8.463369634715931511e-01,8.593736115545259624e-01,1.097058892700564448e+00,1.093449962674176268e+00,9.988327554495596283e-01,1.111385002543696432e+00,1.006191306004309061e+00,9.668800744592929153e-01,9.843452324378372253e-01,9.292186671801846432e-01,9.570047228808427064e-01,9.338130221802695141e-01,1.045745938833703814e+00,9.952815486515724785e-01,8.830566521689585668e-01,1.025592250622286317e+00,9.533641277266269309e-01,9.988275812734581649e-01,0.000000000000000000e+00,1.016127950517033307e+00,0.000000000000000000e+00,1.047499242459702717e+00,1.013831079238035171e+00,0.000000000000000000e+00,0.000000000000000000e+00,0.000000000000000000e+00,8.638062397275318993e-01,0.000000000000000000e+00,1.021112733636925007e+00,9.584427501343071309e-01,9.982416090737634695e-01,1.011952502153144362e+00,9.404333258315253907e-01,9.894068012482936103e-01,0.000000000000000000e+00,1.031644712686061505e+00,1.006717701569886048e+00,9.610180685912146359e-01,9.715935218996351042e-01,9.319437029734248812e-01,9.794158979276932353e-01,1.028408808542573771e+00,9.584780032156900997e-01,9.692830276894547348e-01
7.794535734264789184e-01,7.661608705985146761e-01,9.622366544683601530e-01,8.574545912911030188e-01,6.515121241037075128e-01,9.511716126685482164e-01,1.142293029701750395e+00,8.439750177345652915e-01,1.583124084885979332e+00,9.538583984494204415e-01,9.075689279357094241e-01,8.792108554902619000e-01,8.553999663421859578e-01,1.031061711581707119e+00,1.132148669915703953e+00,9.623224568016540692e-01,9.623209464556975457e-01,1.229028305543302446e+00,1.266866206138525186e+00,8.974279985510563717e-01,1.297881801859280149e+00,1.144518491274537642e+00,1.136384675445906156e+00,1.177472114392169145e+00,8.639279978743638067e-01,1.185522539266068653e+00,9.763176800275813472e-01,1.000604255074397431e+00,1.066501967258193240e+00,1.058909140482790834e+00,9.901930032848424990e-01,1.150429973586169607e+00,1.020665773415354804e+00,1.125438753977158646e+00,5.004001287765025285e-01,9.950070485858116820e-01,1.027135883300957175e+00,1.017396714806441116e+00,9.951373230991190644e-01,1.025120352471706298e+00,8.630529811629251702e-01,9.544544200095289588e-01,1.023691169263337697e+00,1.006756469353070171e+00,9.657858095412680255e-01,0.000000000000000000e+00,1.034585921517404028e+00,9.628011642680220916e-01,1.035580632420537217e+00,1.007384498821796370e+00,9.903776747064512165e-01,1.003627217772101066e+00,1.016205709877946006e+00,1.028396016888090569e+00,1.018574117235572674e+00,1.052538159235290927e+00,1.019864052612144523e+00,9.469965487314497832e-01,1.017759287104667232e+00,9.630997830070271437e-01,1.061015995215418339e+00,9.957801488683201141e-01,1.028479315560803631e+00,1.060144212539606778e+00,9.470494339325258304e-01
1.598610014523487166e+00,5.432375062109985331e-01,1.376677011297386066e+00,7.933359999999999069e+06,8.131502473934849595e-01,1.307981798833127485e+00,8.696496020256376802e-01,6.386475010750539694e-01,1.368708027196681165e+00,7.092566665003349202e-01,1.515254311879906002e+00,7.471349973002557876e-01,9.450011574522776403e-01,8.584262056069116298e-01,1.079578120464848467e+00,8.927588359955778152e-01,1.499236170613925445e+00,8.807363641476484428e-01,8.613499018314871858e-01,1.033162557038384444e+00,8.160162328534625864e-01,1.082556500552918077e+00,1.020833759754844472e+00,9.422032381032847681e-01,9.330542219787784086e-01,9.775433145746497132e-01,1.069959153217430403e+00,9.824112085214309342e-01,1.059606427223942937e+00,9.326800064331256523e-01,1.023034781639174273e+00,9.701798507117392889e-01,9.623656194014533760e-01,9.973184273405542033e-01,1.052505241386460400e+00,8.890639240107475194e-01,1.010983331339181834e+00,8.795853120143707349e-01,9.083930578879325646e-01,1.041183489695258535e+00,1.053889608619584140e+00,9.173119220173133748e-01,9.410591948104473081e-01,9.888509827453710876e-01,0.000000000000000000e+00,0.000000000000000000e+00,9.001000283113947953e-01,0.000000000000000000e+00,9.559688456921642263e-01,1.056333676466627347e+00,9.590579127682629101e-01,1.056559773503360944e+00,1.057108156450654590e+00,1.006416764549440401e+00,1.039159834184557374e+00,1.014509100438333755e+00,1.013693113067489548e+00,1.013693113067489548e+00,1.019392729163047795e+00,1.061022585081155212e+00,9.584845991738153437e-01,1.061022585081155212e+00,9.646308031476659162e-01,9.515549074993088219e-01,1.078977033534826102e+00
8.428621246339094153e-01,7.838003327887433924e-01,2.111974686460480033e+00,7.454849424922346257e-01,1.113074837684709939e+00,1.322707928929053312e+00,1.092972277268190906e+00,1.258026351012877075e+00,1.398620742606967227e+00,9.160899650386147286e-01,9.089196506778395301e-01,1.037939786967846612e+00,1.105765469437219650e+00,8.767473074428969726e-01,7.872842054973204773e-01,8.666558107360684549e-01,9.620027266598634164e-01,8.743129488566355745e-01,1.036209149736217139e+00,1.070797928439498170e+00,8.141043452587912732e-01,1.033071979585992617e+00,9.922132024268796036e-01,1.087446429624324251e+00,1.060010889115118538e+00,9.550620828067579726e-01,9.888364320062701385e-01,1.275921251323811845e+00,9.644583389998594436e-01,9.796296075456576435e-01,8.964809477683362005e-01,9.446836687273727495e-01,9.793908381664249152e-01,9.915370751176634245e-01,1.022434530387072993e+00,1.020893485516771726e+00,9.743019719932130007e-01,1.088320262888713641e+00,9.290819592796344395e-01,1.034199417075047700e+00,1.037266485701288543e+00,3.090143977374005591e+00,4.060089999999999534e+06,1.021159682814414271e+00,9.825098225004453845e-01,1.030864097159587045e+00,0.000000000000000000e+00,2.542352478350600631e+00,9.829371335789933717e-01,1.007148432497516621e+00,1.032225219615452660e+00,1.112283487267508697e+00,9.992452828303309831e-01,1.026474127248353296e+00,1.017756254941711402e+00,1.032628398635554445e+00,0.000000000000000000e+00,1.025853153819582975e+00,1.007224567644170232e+00,9.824350441835157932e-01,1.038918957020622091e+00,1.010450299655967443e+00,9.904458216413190019e-01,1.017115149888769166e+00,9.896525310623360827e-01
8.076330979924699616e-01,9.600133268932896646e-01,8.280128792030562179e-01,9.304622242127622567e-01,1.375439934328398728e+00,8.256034639738311087e-01,9.052347790141849204e-01,9.814148292477606894e-01,1.519445519201838346e+00,1.040816663430470079e+00,1.380216409928287202e+00,1.142681528767566235e+00,9.831503226866815659e-01,1.418169751547738278e+00,1.050316153762641314e+00,1.125143621654726589e+00,8.688528271274493786e-01,1.061524897740030227e+00,1.103484989667801619e+00,8.978304098735720995e-01,1.056601150560963376e+00,9.522297309940588317e-01,9.948623966786463990e-01,1.112809059463780503e+00,9.783797564437285432e-01,8.877303874196816880e-01,1.026117196695924161e+00,1.111983875762352136e+00,9.692021326027551176e-01,9.381347795427036340e-01,9.523604536810320598e-01,9.893204200073217880e-01,1.129071151374799964e+00,1.014900661831580786e+00,1.049008878823312507e+00,1.012463668555984242e+00,9.730693068343495566e-01,1.007493754994276847e+00,9.898686645926644267e-01,1.060354187024451278e+00,8.976654824150375189e-01,9.685124576184970246e-01,1.000099372145816012e+00,4.098360000000000000e+06,9.599104545352783457e-01,1.036290458347323362e+00,1.022387571711043330e+00,1.036764092495880307e+00,1.007401950691200199e+00,0.000000000000000000e+00,9.164038375312045792e-01,0.000000000000000000e+00,1.000717717491248271e+00,0.000000000000000000e+00,1.033579029186084020e+00,9.747873551726791153e-01,1.018034669046219198e+00,9.905288080129184269e-01,8.998229899941890819e-01,1.000802322433538061e+00,9.708359608061213342e-01,9.849172322471401175e-01,9.508489286284659281e-01,1.007226231118236726e+00,9.936176150041746702e-01
9.609895658879066271e-01,7.649473624230361812e-01,8.857172344401709196e-01,1.068703542632542636e+00,7.083245461471113780e-01,1.160983449972740278e+00,9.380767693591878231e-01,9.098731462584643825e-01,9.493221293630180746e-01,1.122137792981746429e+00,7.808665004867938464e-01,9.152482514138668979e-01,9.456306413825648072e-01,8.992336418030897338e-01,1.003202911781709394e+00,1.031266742607476417e+00,9.495584510688086510e-01,1.040605083296743949e+00,1.013840630661442033e+00,1.083501096460307345e+00,8.996540311754142039e-01,1.105744115867132393e+00,8.612681644035300454e-01,9.635745204547480069e-01,1.074005466842620882e+00,1.020932985939747795e+00,1.051592038492934256e+00,9.290974439010035724e-01,9.122111431812018889e-01,9.683873474941415704e-01,9.646075658600541392e-01,9.841269497325836335e-01,9.669767470524509578e-01,9.857714907057724130e-01,9.384467082633275448e-01,1.057603741682120013e+00,1.108055624774393344e+00,1.053100826040206828e+00,1.069521727028497349e+00,1.000783785064886411e+00,3.930820000000000000e+06,1.006783235806622656e+00,9.866558410832692028e-01,3.976140000000000000e+06,0.000000000000000000e+00,0.000000000000000000e+00,0.000000000000000000e+00,0.000000000000000000e+00,1.031732976791365886e+00,9.982302284590790498e-01,1.049179958255210598e+00,9.817687329976154675e-01,1.008184877341299135e+00,1.000618714133662657e+00,9.560347924511173323e-01,1.016127796403845318e+00,1.050419279886416035e+00,0.000000000000000000e+00,9.412555914548029756e-01,9.145226861055164580e-01,9.242028693190522670e-01,1.038537113797513900e+00,9.323233621066281396e-01,9.936641326553553588e-01,9.685098258230735446e-01
1.125538047297917954e+00,9.374926375389430744e-01,6.783698505108097798e-01,9.627144823383730898e-01,1.042291579268534107e+00,1.027304307508548398e+00,7.401032183056650560e-01,1.157750097144983670e+00,1.185094454965260891e+00,1.127531036580697643e+00,1.131293826913120748e+00,9.895877666157121277e-01,8.786179170204089228e-01,8.861820495385257512e-01,1.505811398997378481e+00,9.237507924576286999e-01,9.505186905318753210e-01,1.014978702214404116e+00,9.075012191760417624e-01,1.020410700062553300e+00,1.045844007587217517e+00,1.005993770602211290e+00,1.126042039105186410e+00,1.089229270811168160e+00,1.010756438793610323e+00,1.003856477376209089e+00,9.497638564401428285e-01,9.662913936847736807e-01,1.020150532407524402e+00,1.072399221509698020e+00,1.084617998896076685e+00,1.113443547034297376e+00,1.013464444534594167e+00,9.707615902971168387e-01,9.878255258461929866e-01,3.262105081023404241e-01,0.000000000000000000e+00,1.070702090444505705e+00,9.008658604166377426e-01,1.038626608327653855e+00,1.074999997760416548e+00,0.000000000000000000e+00,1.041970794331277927e+00,1.009823576808189127e+00,1.015491333049943323e+00,1.033761474128633173e+00,9.405259793283120562e-01,9.716617563143503666e-01,9.570394699729807275e-01,9.669564275843022250e-01,1.038601174161137397e+00,1.039346713378931364e+00,9.126177499902410339e-01,1.023474434787095877e+00,1.083337793248272396e+00,1.044962758606211128e+00,1.047001634763127242e+00,1.024938406212473563e+00,1.043321539148342803e+00,1.065249759216011283e+00,1.061885715837930233e+00,1.002401855706194445e+00,9.841216784876346546e-01,9.833397791545592792e-01,1.053385364423371939e+00
9.103468162746870540e-01,1.298895205212810655e+00,1.283078398168620238e+00,1.351530392075180442e+00,1.135157133098426918e+00,1.152120653596573341e+00,1.223003588690311894e+00,1.139818370787995194e+00,1.029839575633716642e+00,8.827992023745373507e-01,1.122843894877920246e+00,9.810309344422373234e-01,1.018074831254556667e+00,1.341935682902044347e+00,1.137459328175867368e+00,1.105549279438889032e+00,1.025275451630189405e+00,1.010268196965584231e+00,1.092035973822689243e+00,1.097660673603220838e+00,1.141503007934378200e+00,9.286689632544818940e-01,1.055306003467538334e+00,9.536479214908499813e-01,9.266563457425445183e-01,1.025523346091396393e+00,1.068673790329152551e+00,1.023561716309565162e+00,9.851013999259662368e-01,9.935878757191117794e-01,9.481146607186178299e-01,1.006858247026375164e+00,8.625557821413056825e-01,1.161649901485971137e+00,1.558726769080162722e+00,1.014198069762062504e+00,1.017830174600213855e+00,9.526044266000406324e-01,9.301659274383909937e-01,9.865064436496485678e-01,1.006174862863225439e+00,9.776723933916277032e-01,1.037947639312391646e+00,3.988830000000000000e+06,3.988830000000000000e+06,9.457786370180408797e-01,4.110149999999999534e+06,1.000731766589463945e+00,1.040403751758262718e+00,9.730102727958122033e-01,9.894767071056883578e-01,1.026680392187097723e+00,1.000148482201670630e+00,1.003209115229354520e+00,1.000669003198170648e+00,1.009671633343894648e+00,1.043333439022142484e+00,1.033757705045347919e+00,1.016945221139327948e+00,9.716065811993803703e-01,1.022654526706102462e+00,1.014803608109734245e+00,9.921086174780168188e-01,1.025932419421315744e+00,9.872779300318669238e-01
9.242306796129793334e-01,2.009631253030271125e+00,9.597780126645072407e-01,6.679725671993934633e-01,1.010162953790824547e+00,9.728667582710591732e-01,1.150487111035255472e+00,8.774125602364513110e-01,9.725636472388545783e-01,1.243221705333351412e+00,1.063293067975850992e+00,9.745592559135023425e-01,1.004908376161323336e+00,9.882956787872968496e-01,1.135771448422614682e+00,9.790324619912940118e-01,9.910800633956308170e-01,1.097230951995274095e+00,9.727596634926055641e-01,8.971163967126942751e-01,1.146314546647213994e+00,1.034666583713737653e+00,1.157683342042650443e+00,8.772219582796563220e-01,9.615378002951822101e-01,1.033446204166625026e+00,1.031802326781466661e+00,1.008320110475291242e+00,9.993384567680242414e-01,9.845514341048438034e-01,9.979464175800226711e-01,9.018887215419274517e-01,1.032175613153194949e+00,7.951604560542537836e-01,8.560962178197715211e-01,1.044999840322167195e+00,1.003813122427539950e+00,8.579574099930105113e-01,9.298748547074751070e-01,9.670736702304060239e-01,9.557995967028347639e-01,7.917659999999999069e+06,9.794136180211926446e-01,1.013840786712511655e+00,9.582912910595062783e-01,1.015133763137325840e+00,1.018755950828259316e+00,0.000000000000000000e+00,1.047283445207782604e+00,1.015285075480445443e+00,0.000000000000000000e+00,9.862993841369096515e-01,1.080005561588879504e+00,0.000000000000000000e+00,0.000000000000000000e+00,0.000000000000000000e+00,8.320010311750170029e-01,9.708304187097099858e-01,9.888574012877867636e-01,9.625110079713383726e-01,9.274473227115102025e-01,1.094550091131792691e+00,9.960089819365260944e-01,1.067808081063043923e+00,1.004812554843698358e+00
1.025370833640529833e+00,2.783677673790170282e+00,1.017306377706393539e+00,1.011080672108631395e+00,1.030311281345162921e+00,1.037300757691972608e+00,9.110774128759862034e-01,1.059094521995663785e+00,1.037627010573141551e+00,9.374195395417178611e-01,9.427833824438098809e-01,1.314603077682931165e+00,9.584100451450893177e-01,1.120527017242147982e+00,1.026293398031152382e+00,1.059597659265031577e+00,1.013599252496563352e+00,9.080708878496044356e-01,8.824112955950058623e-01,1.022828187585748783e+00,9.668580605097514269e-01,1.079312926203209511e+00,1.054602900502761953e+00,9.848575181411154400e-01,9.259296273774411112e-01,9.903578371810325409e-01,1.003416354639425467e+00,1.026349973714535402e+00,9.845656133229423457e-01,1.072044212187734713e+00,1.010477968646488200e+00,1.107562170671697155e+00,9.196009297295322238e-01,1.008713314149022100e+00,9.941522128344718601e-01,9.163268536823014898e-01,1.009569024692637429e+00,1.077755831839240175e+00,9.055553516576836381e-01,1.221485122115552491e+00,1.110186104802694196e+00,4.120309999999999534e+06,6.075582334625988512e-01,0.000000000000000000e+00,1.027968504616867618e+00,1.043846350179309157e+00,1.116905916980434510e+00,1.010447881160584815e+00,9.948142112012468008e-01,1.061167254643287094e+00,9.444039915013475728e-01,9.880684245640891650e-01,1.061026194912213283e+00,1.021838034473578238e+00,9.961154002248314709e-01,9.825549122806920277e-01,9.785234582461771469e-01,9.700538655259968168e-01,9.692784905151817787e-01,1.085905052745249844e+00,9.853027223215136132e-01,1.068664972247653111e+00,1.028628233007564230e+00,1.020206938669970143e+00,1.011182194880065666e+00
1.102634294790260538e+00,1.120019282816149264e+00,1.286779035196804921e+00,9.326170900315071677e-01,1.013718507739990171e+00,8.608985966873879958e-01,1.053328413630653770e+00,9.274176977182229109e-01,9.915683287439654992e-01,8.467321886772056772e-01,1.029412119054870178e+00,1.042487448162747077e+00,1.005026007562638490e+00,1.056600060241962513e+00,9.691000157811389126e-01,9.179470555125860409e-01,1.042461772382685004e+00,1.074142610053899549e+00,1.058750640176584934e+00,1.014981828438245914e+00,1.056511056186575148e+00,1.049504949629121331e+00,9.090909085005903778e-01,1.128551870876148389e+00,9.813849840124642121e-01,1.092637308881272418e+00,9.111966835531412068e-01,9.990988107699112497e-01,1.001149838714969764e+00,1.023345046413313808e+00,9.972874415146738558e-01,8.013070938957926881e-01,9.956744150477826460e-01,1.034708406326445562e+00,1.093763470141117855e+00,7.327987517513574467e-01,1.048773730010387428e+00,1.050015386780655424e+00,1.023473820302991166e+00,1.049215592010297460e+00,9.900411732512774954e-01,9.912373569774899362e-01,0.000000000000000000e+00,1.056029369944400775e+00,3.972979999999999534e+06,0.000000000000000000e+00,0.000000000000000000e+00,9.577667942661968192e-01,9.723904660455007232e-01,9.983390740604829450e-01,1.111427483592239085e+00,9.569715823816793421e-01,8.655609250501585805e-01,9.968011181113416441e-01,9.857056334532352526e-01,1.005612698617471823e+00,1.006418333178868751e+00,9.186862684084675656e-01,1.019381061842379088e+00,8.954533408200403555e-01,1.092886115395577562e+00,1.032513658598707584e+00,9.630866885484767881e-01,9.755013335003950292e-01,9.920296422211788423e-01
9.434501814121798446e-01,8.877155411893642434e-01,1.238490047425816920e+00,1.072927344695064455e+00,9.729793228319923992e-01,1.010101620066522043e+00,9.433769631887979346e-01,1.000799810837073478e+00,9.349191283860170953e-01,9.161168891255968560e-01,9.245653164012170855e-01,9.673329318371894914e-01,1.120711282330936864e+00,9.148328564462543389e-01,1.022346040896059405e+00,9.632117417404524318e-01,9.579496428565257293e-01,1.048709591243611294e+00,9.759730699277268107e-01,1.020192485281030903e+00,1.146876721342204197e+00,8.799390436631913115e-01,1.008963266659934188e+00,9.737547540820644665e-01,9.709575539945416445e-01,1.057468954554860563e+00,1.068624679762059548e+00,9.699078668500242806e-01,1.052158534327710893e+00,9.893169505615160286e-01,1.015787144785267992e+00,9.395130911980156263e-01,1.024948685334880816e+00,1.028416105066737307e+00,8.849904670728138134e-01,1.049895063789282101e+00,1.022652723851614542e+00,1.062426613170467382e+00,4.004810000000000000e+06,8.077622177859806740e-01,3.982480000000000000e+06,1.059132530724239629e+00,9.557999920845752229e-01,1.003265464151813724e+00,1.057615831923801597e+00,0.000000000000000000e+00,1.046498614200229493e+00,0.000000000000000000e+00,0.000000000000000000e+00,9.420080854641229573e-01,0.000000000000000000e+00,9.697043374786119552e-01,9.697742826172718322e-01,9.746964053780812209e-01,9.080432717788594621e-01,0.000000000000000000e+00,1.051924089340651847e+00,1.084038585936126786e+00,9.173415005903308161e-01,1.014754377506539740e+00,1.025775469538625861e+00,1.000803315602951660e+00,1.048340760312998610e+00,1.050017216817449528e+00,1.087656798211066089e+00
1.054017417819412605e+00,1.051256900862979071e+00,1.061395128129814402e+00,9.437638261559267994e-01,9.486473314331647089e-01,1.090938249649960001e+00,1.085407738000057964e+00,1.009500954383311111e+00,1.010608389037223054e+00,1.051181884906128294e+00,1.002763112938347634e+00,9.995600000612455682e-01,9.287445020893052572e-01,1.010454357285714977e+00,9.740008021866644050e-01,9.672502289489040006e-01,9.390274164089378317e-01,9.199011552918822110e-01,9.639151389831946970e-01,1.058007559510853790e+00,1.001491920101053479e+00,8.859359089334426507e-01,1.002412912782702392e+00,1.043627199758036195e+00,1.128528577603775229e+00,1.191594438603392092e+00,1.058864443599041527e+00,1.049822522571866701e+00,9.243954980572621771e-01,9.540831964291267564e-01,9.718601052040928279e-01,9.825959757324920218e-01,1.087773734595241404e+00,9.251757346809894589e-01,1.098988056472872232e+00,1.101719844814544658e+00,1.013272127312121018e+00,9.786345507735070282e-01,3.957260000000000000e+06,9.496775829016870230e-01,0.000000000000000000e+00,1.002703046346330229e+00,9.658239956417957739e-01,9.669607119076597535e-01,9.815419788073886931e-01,9.852966294444536199e-01,0.000000000000000000e+00,9.945753034562051509e-01,9.928286732504805201e-01,1.037339607188278334e+00,0.000000000000000000e+00,9.960881068862521559e-01,9.485606849338489299e-01,1.013065348446522851e+00,9.155347221150206272e-01,9.394978583945913231e-01,9.280517870040200235e-01,9.762776497983345347e-01,9.782118184325192534e-01,1.078113705927266519e+00,9.577092035967763595e-01,9.349965194965972337e-01,9.684993505285037774e-01,1.090255707686867970e+00,1.025113094357058330e+00
1.190372952327839240e+00,9.266218646280537374e-01,9.632340655067785917e-01,1.000953878500242533e+00,1.189757245208037384e+00,9.976324886373274525e-01,9.184895070226999358e-01,9.001404391823387696e-01,1.198338172482804831e+00,1.000427294573550174e+00,9.407646718375700656e-01,1.038184210688094522e+00,9.442439308148046218e-01,1.127281263791453103e+00,1.038854620447491550e+00,8.447905611149724159e-01,1.077605106725676887e+00,9.969539919016425777e-01,1.001787413684327221e+00,9.992067929941386151e-01,9.042650106836728208e-01,9.417722068396814361e-01,9.681721265303587787e-01,9.922974502450617740e-01,9.633547528708494845e-01,1.024599241633970204e+00,9.671161402146469799e-01,9.964190889204908030e-01,1.051546154211183692e+00,9.655735838524486248e-01,6.174913048336146959e-01,1.010085175129780355e+00,1.252523193533061185e+00,1.019268105295761728e+00,9.932847889563053423e-01,9.625860966506735172e-01,9.902891457241858042e-01,8.862755646901478990e-01,1.001367214372677283e+00,0.000000000000000000e+00,1.163782887596840121e+00,1.013054157722548698e+00,1.013327362582970848e+00,9.250444710901123413e-01,9.553533391772595085e-01,1.057149436190525815e+00,0.000000000000000000e+00,9.630915351743977171e-01,1.015117921319417693e+00,0.000000000000000000e+00,1.039983680024481494e+00,1.092972181351945071e+00,1.002209944612954429e+00,9.988479259795944865e-01,9.882253993914816848e-01,1.089949093830526738e+00,9.989379382699560272e-01,9.795441980744303834e-01,1.025102086154507708e+00,9.402306424130021378e-01,1.015319473858212085e+00,9.462913610066439052e-01,9.577175230970177422e-01,9.960100993986198414e-01,9.999999998999999917e-01
9.549227085443070528e-01,9.637443126507420077e-01,9.616427997672485350e-01,1.052956698951998282e+00,7.911379613945492828e-01,9.467801921005414290e-01,1.033041746984866505e+00,1.062176127545414905e+00,1.006290663994897638e+00,1.000335902533209698e+00,1.054091658046990787e+00,1.009317759819615246e+00,9.520204283387030397e-01,9.793537973209243130e-01,1.000608740531411467e+00,1.023473380614050576e+00,9.864967881159416585e-01,1.097269214444339003e+00,1.011070873090741395e+00,1.097494031029227823e+00,1.067777038353835861e+00,1.015040826519799211e+00,1.064649058210377364e+00,9.614091891931307865e-01,8.220828516273652742e-01,1.031436561026341403e+00,1.031906282822042886e+00,1.494760614402632415e+00,1.031681321872365054e+00,9.784669308902343987e-01,1.098762893400208052e+00,1.070921983916804932e+00,9.347442676654565963e-01,1.001265822467953814e+00,1.052590047606576595e+00,9.348432395573115228e-01,1.058055183687589107e+00,3.968250000000000000e+06,4.081630000000000000e+06,7.936510000000000000e+06,3.968250000000000000e+06,9.739813146792959397e-01,9.932340797956528133e-01,0.000000000000000000e+00,1.040406244921895818e+00,1.068243909975378658e+00,1.060160909721533207e+00,1.027574664171429397e+00,0.000000000000000000e+00,1.023469257576724800e+00,9.994625579116630520e-01,9.982090665243307237e-01,1.075300484839541770e+00,1.002405870102792029e+00,9.880095815155731653e-01,9.543084772729282239e-01,9.077891624684781835e-01,1.001102714834401608e+00,1.070174351376021793e+00,9.886090590914986542e-01,9.384315229582609330e-01,9.312264278228365999e-01,1.001782231760893094e+00,9.481610186620793579e-01,1.037407452787700191e+00
9.691175884656849648e-01,8.789882570992246791e-01,1.149917857356559159e+00,1.132515845968645296e+00,1.119206908087911012e+00,1.074192483872830506e+00,1.036593855433567413e+00,9.270842151190726854e-01,8.183257730027063692e-01,9.473057357773733145e-01,9.380406247780553874e-01,9.960151609568285158e-01,9.566352896437598785e-01,1.028396607470614343e+00,9.511748604001755147e-01,9.893942435916458500e-01,1.053169249009668462e+00,1.121004315938333606e+00,7.612675012901158889e-01,1.027831056759635153e+00,1.012292260423912849e+00,1.007192035605721347e+00,8.341890989340454698e-01,9.598159056970624325e-01,8.925594582768505703e-01,9.901451074346314662e-01,1.336364865832886828e+00,1.125984394186079207e+00,1.110569659265562503e+00,1.000111818051461654e+00,9.347132227712746655e-01,9.933654102184259482e-01,9.862154002694724086e-01,9.916725021971217746e-01,9.311046707959500512e-01,1.269073500932481391e+00,1.025720838861488682e+00,8.932827576417230464e-01,1.005986718489151999e+00,1.010467432027324364e+00,6.938779939457870860e-01,1.045414236935731545e+00,9.477340018532122157e-01,1.129528530928357588e+00,1.026755574734283583e+00,1.077258713727794470e+00,9.661709889981046073e-01,9.391207943733078656e-01,9.216273821783277365e-01,9.927562950617684345e-01,3.929270000000000000e+06,9.993239372468184500e-01,1.011356530832435707e+00,9.964636716027899244e-01,9.836896022613952351e-01,1.025111231363972530e+00,1.045060349712592318e+00,9.640688490074428296e-01,9.794111824859563775e-01,1.054221258436026654e+00,1.016975497976072784e+00,1.046163704491361646e+00,1.036767225089848310e+00,1.044990458444872816e+00,9.952103035840207390e-01
1.094279831558242710e+00,9.874117006991652845e-01,1.096447586369610594e+00,1.014709296671831185e+00,9.963499431600519873e-01,9.405620865473383052e-01,9.890445518352364296e-01,1.038996018556283429e+00,1.166106774530823342e+00,1.023356607855012035e+00,9.269091739728773094e-01,9.978115572450689807e-01,9.974032391470950554e-01,8.804127618429681279e-01,1.039663650155298491e+00,9.258725047664186913e-01,1.076070766794131384e+00,8.840297910489628430e-01,1.066840128122279019e+00,9.367532755787447707e-01,9.803184735019122575e-01,8.375057895796881313e-01,1.151545295110347311e+00,1.060590741896408007e+00,1.122128189894676220e+00,1.061355202438462708e+00,1.184716234705272431e+00,1.090147824561367607e+00,1.088633409033761712e+00,3.208603269714846551e+00,7.784002468253961027e-01,9.871565437005557220e-01,9.349781322803868422e-01,1.040673064099772782e+00,1.061010581360179117e+00,9.625946297897460813e-01,1.055918520148048545e+00,9.944039535748397940e-01,0.000000000000000000e+00,1.003764695109094163e+00,1.072820570391959993e+00,9.813763776681690976e-01,1.963538447339530368e-01,9.708327993286711699e-01,1.001999393173428565e+00,9.731496194149896750e-01,1.042715442444336560e+00,1.003353550272350958e+00,9.943467873225952935e-01,1.053816379468602404e+00,1.039149455814595058e+00,1.006267641829940551e+00,1.047503319279725842e+00,1.002404866500628211e+00,1.058446663374626784e+00,9.762858892073935646e-01,9.747243199590577278e-01,9.794115317413142341e-01,9.731674591096104443e-01,9.880651604675274591e-01,9.531278366289125392e-01,9.470450873779365786e-01,9.928194244188568440e-01,1.001281761982649288e+00,9.584808886645641568e-01
8.956631395196428258e-01,1.189035347266001574e+00,9.538659632863117910e-01,1.134522461298553164e+00,1.017129081069821028e+00,1.150538927635125441e+00,9.770885933182678063e-01,9.265998991690345132e-01,7.080259374051448562e-01,1.044833309328280224e+00,1.042896390430568143e+00,1.013935684901863254e+00,1.133574627742857777e+00,1.094121983126746578e+00,8.835877288654924167e-01,9.331760240173696541e-01,1.095703124828796504e+00,1.059811967427211288e+00,1.097711167964955159e+00,9.742652777672289321e-01,1.102960595628936780e+00,1.016497801964965086e+00,1.097435246366500028e+00,1.036831798933485871e+00,9.811121526808115334e-01,1.005830145330423253e+00,9.931489536652962080e-01,9.970002326718677699e-01,9.867448052174331297e-01,9.708315054012602863e-01,1.085133121990650817e+00,1.010891841377758782e+00,1.048814324430713318e+00,1.000732416601774810e+00,9.852840914102842795e-01,9.364836491634991322e-01,9.642077630010020828e-01,1.044332397294093440e+00,9.693762319373383507e-01,4.016059999999999534e+06,1.071242580404667466e+00,1.063550856150234036e+00,9.892576452984284119e-01,1.008125705970571939e+00,0.000000000000000000e+00,7.878094848315648768e-01,9.454438238888137613e-01,9.692815024590466511e-01,9.817666639274621465e-01,3.941660000000000000e+06,9.802579519290689491e-01,9.960071054762824616e-01,1.017756478237610507e+00,1.027573063445662571e+00,1.052200094184050583e+00,1.000798317630336998e+00,1.031690809570556144e+00,9.252854341170487773e-01,1.007222042584838606e+00,1.016945562919144175e+00,1.031696042969299842e+00,1.013695430122929064e+00,9.716062890264077767e-01,1.004007009912414095e+00,9.569477195513707013e-01
9.546553910011706945e-01,1.025210449286987568e+00,8.862043944681052832e-01,1.062252914403878590e+00,9.667618803362629798e-01,9.709634748254238890e-01,1.039144232346514984e+00,9.671430232342842492e-01,9.271143072477190383e-01,1.044706612346366192e+00,9.637529634326605921e-01,1.003851304861255178e+00,1.012983514470916280e+00,1.048381186692933120e+00,1.044971878252996200e+00,1.005306534666048135e+00,9.697298642488574316e-01,9.707890306929225499e-01,9.412581344634277647e-01,9.377987272196075530e-01,8.863919321222546444e-01,9.666825456014487283e-01,1.034854905594930763e+00,1.014914062160627850e+00,1.026218215869125316e+00,9.915784081943113115e-01,1.058717356016353861e+00,9.905537753379006771e-01,1.012240829139491316e+00,0.000000000000000000e+00,9.670251029477707760e-01,9.740330725974886139e-01,0.000000000000000000e+00,9.829278938665296783e-01,1.019208933868699152e+00,4.020909999999999534e+06,0.000000000000000000e+00,1.023073450752779445e+00,3.142505527202945181e+00,9.899053959695813809e-01,0.000000000000000000e+00,3.920029999999999534e+06,9.443979046497634755e-01,1.027573485475111514e+00,9.364917714485487821e-01,0.000000000000000000e+00,3.927730000000000000e+06,9.723904660455007232e-01,0.000000000000000000e+00,1.019384540725770671e+00,9.888587225780317569e-01,1.090259393076487893e+00,1.053392963113661818e+00,9.481771162157093258e-01,9.960080636119031938e-01,9.669525279091519820e-01,9.872843798701029794e-01,1.012072555960112918e+00,1.001604272087605052e+00,1.106111321512135204e+00,1.012885747078175358e+00,9.523627772563900695e-01,9.379956810076794937e-01,9.976018297411453073e-01,1.052539794295729747e+00
8.350464177797044529e-01,1.048158882364709221e+00,1.935462048418805203e+00,6.261770562853907762e-01,5.048229786777606032e-01,9.782009152488528869e-01,9.072942854053174244e-01,9.489356345714405894e-01,1.070301233597997559e+00,1.132223025484671242e+00,1.010163540329647613e+00,1.075990258439267766e+00,1.028898857456321148e+00,1.070630533170069398e+00,1.133188553391871078e+00,1.103196774359510801e+00,1.035575477726540017e+00,9.965005630449721430e-01,1.001826268834584255e+00,9.492629966493801863e-01,1.045858826581712808e+00,1.094209351536257202e+00,9.888276993610908283e-01,1.234097705777291054e+00,1.047507644211095323e+00,1.073726423503883698e+00,1.021852045322498181e+00,0.000000000000000000e+00,1.006831268192490692e+00,7.771104675829781927e-01,9.254621394934031686e-01,8.178879838486158294e-01,9.511717413522481346e-01,9.639907537348143540e-01,1.025238244738152948e+00,8.842412732607365378e-01,7.355945951048463716e-01,9.696144855400441465e-01,1.003198339007593143e+00,1.055516258532803509e+00,1.031127752864407832e+00,1.005618411201363527e+00,0.000000000000000000e+00,9.853054173009991867e-01,1.012880002232753762e+00,9.896533884168038364e-01,1.008842233717711201e+00,1.002401831659286202e+00,1.026753236648534573e+00,1.039255529585664029e+00,0.000000000000000000e+00,1.074644632419961887e+00,1.039977891364316731e+00,1.024783246467978692e+00,1.029217080338174162e+00,1.044989256525753474e+00,1.020015069196328339e+00,9.762803153621766317e-01,1.068662432257388994e+00,1.030870482743444727e+00,1.009644854602695485e+00,9.952164803476439836e-01,1.056781524064930311e+00,1.110525983073481271e+00,1.112735999762616279e+00
1.171772829747838252e+00,1.187765155199002720e+00,1.132260331944099585e+00,9.530401892111316497e-01,9.807722618839889162e-01,9.883028253686023668e-01,1.126325849636148346e+00,1.033459206433181121e+00,9.898845863131549017e-01,1.339748676104376202e+00,9.754856151584394564e-01,1.053454312225482248e+00,9.500533401286660462e-01,9.562238787663926987e-01,1.013425865734122189e+00,9.550162493127779539e-01,1.114143995880640059e+00,1.090271196995372227e+00,1.053037786834256861e+00,1.451549248903089895e+00,1.655267877899845308e+00,9.898120849302758373e-01,3.998400000000000000e+06,1.022381160002809874e+00,8.885513330280788713e-01,9.849448144590886578e-01,9.940627370118941819e-01,9.899495713861606871e-01,9.920624293330340127e-01,9.867589060323745942e-01,9.430237224949772346e-01,9.676084430482977394e-01,8.130642503031559887e-01,1.032384801502566063e+00,9.661479220632149811e-01,3.926189999999999534e+06,1.084727040712929025e+00,9.912289794564111967e-01,0.000000000000000000e+00,4.046939999999999534e+06,4.671105870371081159e-01,3.933909999999999534e+06,9.790056834090137272e-01,0.000000000000000000e+00,1.044581389226010959e+00,1.002000396374656654e+00,9.364700079356672591e-01,9.778223692998743166e-01,1.008839371611280677e+00,9.275238185999882257e-01,1.064396553659902267e+00,9.159364193501517981e-01,9.719316620182267830e-01,1.025111485578980242e+00,9.778464366667478647e-01,9.922655379276620335e-01,9.716110715862696923e-01,9.470407407927312615e-01,9.485552114659584477e-01,8.911594489391944096e-01,9.447740455168847085e-01,9.380877766603701318e-01,1.010458425545492922e+00,1.039705535691548555e+00,1.030045618898136617e+00
9.191348705577623290e-01,1.173295629179044175e+00,8.828956497332446363e-01,1.184551683340136607e+00,9.532697675887122912e-01,9.936156039790884353e-01,9.993952588607466492e-01,4.043669999999999534e+06,9.693422464020846618e-01,9.468272999351248220e-01,9.806974955309575304e-01,3.998400000000000000e+06,5.088780109381704220e-01,1.014365214142701976e+00,1.050800324501740324e+00,9.846216554932356591e-01,1.120098125251700605e+00,4.071659999999999534e+06,1.035832204680443569e+00,1.026074051674431997e+00,9.359811183390086553e-01,9.731080399311369256e-01,9.629173760557152573e-01,9.968956904591966817e-01,1.055563588183384249e+00,4.019289999999999534e+06,1.018203491217142265e+00,1.043896820936484948e+00,1.062704679119554907e+00,1.061431996358169094e+00,1.040804553585950476e+00,4.040399999999999534e+06,1.009512107358211397e+00,1.106659788313836268e+00,6.275061567471871271e-01,1.039163700921912570e+00,9.685135041040839887e-01,0.000000000000000000e+00,8.096356119409328089e-01,9.916284859570091426e-01,9.660434955141616875e-01,9.545966613252038213e-01,1.082435195647081683e+00,9.864933851469456227e-01,1.009243637424197093e+00,1.013702245261055568e+00,9.661830191624463104e-01,1.006422436090999240e+00,1.015313741154111327e+00,9.981995001432890646e-01,1.073879897828486696e+00,1.105261444620875277e+00,9.673444092653676885e-01,1.018573748366879306e+00,9.368912647942010397e-01,9.410102929848939146e-01,9.577181272793560129e-01,9.703061439954403511e-01,9.762798465195801079e-01,9.638415648961845550e-01,1.020197490058806888e+00,1.043383771188663989e+00,1.081569576752361650e+00,1.043315931692512244e+00,9.762798094386542225e-01
1.039071116243239334e+00,9.675533777315087347e-01,1.037988096286297512e+00,3.916960000000000000e+06,1.057639723760971817e+00,0.000000000000000000e+00,9.880363864141392671e-01,9.809802881203623093e-01,1.079080980618332353e+00,0.000000000000000000e+00,6.096883318306904886e-01,7.722737261005961917e-01,3.951010000000000000e+06,1.254216389520903974e+00,0.000000000000000000e+00,0.000000000000000000e+00,9.500352141583688903e-01,8.891148112035726081e-01,0.000000000000000000e+00,9.816877513030618507e-01,6.310204673109924833e-01,1.432493575113706230e+00,9.668010244656989327e-01,5.900044177014910352e-01,3.992019999999999534e+06,9.662945947999003193e-01,1.117561486249905922e+00,9.712010890799909202e-01,9.819939057190641973e-01,1.024303250969008872e+00,9.879039844463204378e-01,3.947889999999999534e+06,1.009939307185558022e+00,0.000000000000000000e+00,9.916242516218986003e-01,1.060647847545272304e+00,9.979976018187453057e-01,9.849152651284626137e-01,9.917990307582965626e-01,9.615451021767258410e-01,1.057614946854572135e+00,1.026341172695239390e+00,8.549321809987446841e-01,0.000000000000000000e+00,0.000000000000000000e+00,9.857035057650940235e-01,1.049179588785408512e+00,1.015719260653897171e+00,9.758983329786365957e-01,9.762838624576375413e-01,9.903204774000374799e-01,9.872813989480047070e-01,9.819863472491063838e-01,9.856964173058858636e-01,9.561832791463473757e-01,1.019388070236890265e+00,9.342576036364265146e-01,1.032136279680157864e+00,1.008839726741972642e+00,1.011257761921587006e+00,1.019230662445473889e+00,9.968860712476638186e-01,9.920329477801980156e-01,9.630976099560192294e-01,1.064728100661238575e+00
9.405326635348586484e-01,9.533165456664861592e-01,8.869120782973742845e-01,1.047119762409886690e+00,9.612366947845052412e-01,1.023961948774281483e+00,9.109974103066464934e-01,1.498800292532950218e+00,9.983492480104955158e-01,1.645435149973628386e+00,1.108973062602124360e+00,1.172599409739731202e+00,9.627734861402329480e-01,9.796943052509348160e-01,1.043915864679515026e+00,1.163365811900349156e+00,1.284239292158478873e+00,9.404378363162992915e-01,1.104635292390832690e+00,1.008613688476624137e+00,9.615786946760619402e-01,8.200807093696775851e-01,8.953978461185821969e-01,9.293112084849747268e-01,9.909197278867997172e-01,1.031436569237204948e+00,0.000000000000000000e+00,1.000437884865268856e+00,9.614031159237091950e-01,9.947195481098151104e-01,1.792508567673695818e+00,0.000000000000000000e+00,1.937004071669150340e+00,3.957260000000000000e+06,1.000786936354182810e+00,1.061250046212369291e+00,9.872817977102739118e-01,0.000000000000000000e+00,0.000000000000000000e+00,0.000000000000000000e+00,9.538864099204374947e-01,1.030864404248577726e+00,9.747180802829349400e-01,1.037500509412067284e+00,1.038737024856335456e+00,9.410087016345073385e-01,1.025926435988509855e+00,0.000000000000000000e+00,1.048336491236052659e+00,1.008029459320816112e+00,1.126650623171846277e+00,1.038627709959623058e+00,9.928291019695477670e-01,1.009644854602695485e+00,9.229876423182991063e-01,1.014509831071351620e+00,1.029231042339170177e+00,1.073800952038728385e+00,9.669564532308960736e-01,9.327349931545324546e-01,9.193915875328741993e-01,9.944112631248654965e-01,9.770615625486103184e-01,1.050017627611360194e+00,9.654063881115079182e-01
1.387948548414014160e+00,0.000000000000000000e+00,0.000000000000000000e+00,1.002062768684576666e+00,1.016266459911644882e+00,1.200880597815375594e+00,9.887745417574059781e-01,9.745008190202123499e-01,9.982384381033843068e-01,3.979310000000000000e+06,1.017905990724820686e+00,9.615888578878366566e-01,1.033195714263418497e+00,1.132650155048556817e+00,1.041460542421706936e+00,9.489532053635332254e-01,9.380379276732169203e-01,7.945969999999999069e+06,8.139776119940266286e-01,7.891934779300373570e-01,1.042137172184409710e+00,3.971410000000000000e+06,8.519169886739770270e-01,9.688427176986551537e-01,1.010198266489492624e+00,9.673151075505115326e-01,2.033884247309022619e+00,9.999390756780420775e-01,1.965109489521373876e+00,1.100864790861030285e+00,9.817659185451426129e-01,4.912761218852416123e-01,9.546342655041429870e-01,1.010457446567821771e+00,1.039580119230152810e+00,1.018989515260399825e+00,4.008020000000000000e+06,4.001599999999999534e+06,0.000000000000000000e+00,1.029639411918736425e+00,3.984060000000000000e+06,9.527461260383778274e-01,9.940166933262180038e-01,1.026755002211084067e+00,9.338702196241598363e-01,1.041649232773038669e+00,9.850620088282332487e-01,0.000000000000000000e+00,9.888644724083857085e-01,9.395018896269500264e-01,9.084464482300257382e-01,9.963832676445411041e-01,1.056754545271165080e+00,1.024287703626427293e+00,9.353310744496291518e-01,1.029222287723552620e+00,1.085900662103995495e+00,1.014509396152198706e+00,9.723885305397079737e-01,1.022649362523015526e+00,1.012076796453709626e+00,9.936202237912199475e-01,9.976018536943435100e-01,1.023481481527805270e+00,1.050256881443446533e+00
1.120939111903305863e+00,1.015000721862204802e+00,9.911294378745563183e-01,8.416902869047039326e-01,9.947479133628489567e-01,0.000000000000000000e+00,3.976140000000000000e+06,6.285016398980315389e-01,9.567582714248309417e-01,1.145073003551908331e+00,1.031560545010173691e+00,1.034091548076214506e+00,9.705489469887833565e-01,3.865480000000000000e+06,3.865480000000000000e+06,9.432580829201603345e-01,9.324333600575794856e-01,1.041398129972375797e+00,8.993245029804598500e-01,0.000000000000000000e+00,9.120119208983803460e-01,9.901119733127796696e-01,1.336537122190915694e+00,3.993609999999999534e+06,0.000000000000000000e+00,4.980045611101054370e-01,4.980027259059807698e-01,9.770206021219274284e-01,9.956245440197815100e-01,1.013693940329289500e+00,9.684904376687563099e-01,9.308440163884732499e-01,9.654083476492092419e-01,9.801929304063432546e-01,9.885591957116111050e-01,1.008029011568319921e+00,1.031284609574240285e+00,1.012475094510850049e+00,1.053397410117433486e+00,1.000401160765426845e+00,9.868791048392921983e-01,9.880765406572488141e-01,4.050220000000000000e+06,9.821484865836416223e-01,4.042040000000000000e+06,1.015722490578830906e+00,9.992013193723309206e-01,0.000000000000000000e+00,1.025112398130228808e+00,9.669502443062885089e-01,9.944117030150865233e-01,1.005618636564998614e+00,9.896524964941600944e-01,1.030044007332876932e+00,1.076390149560446208e+00,9.379770140765957276e-01,9.825551655482309688e-01,9.731671220563782310e-01,1.036655631595361227e+00,1.008029092180643183e+00,9.833427541939783190e-01,1.037456592927523236e+00,1.006417516700248926e+00,1.021836639070020869e+00,9.833427541939783190e-01
0.000000000000000000e+00,1.034048951947091455e+00,1.049045814218419803e+00,0.000000000000000000e+00,1.040029982957788590e+00,1.056569257414591068e+00,9.250145458644445373e-01,9.302537787972769978e-01,1.177160240958681880e+00,8.895109110047676459e-01,0.000000000000000000e+00,0.000000000000000000e+00,0.000000000000000000e+00,8.935942419781444102e-01,1.031280052492764998e+00,3.969830000000000000e+06,0.000000000000000000e+00,9.564421099083894040e-01,9.760562006840391991e-01,1.969825850042753679e+00,3.955699999999999534e+06,0.000000000000000000e+00,1.021662115772867807e+00,3.984060000000000000e+06,8.913914523304468096e-01,1.984068735930726080e+00,1.026129763925310856e+00,3.984060000000000000e+06,1.219510000000000000e+07,9.685008907666826650e-01,1.002810663386442647e+00,1.004093463418974874e+00,0.000000000000000000e+00,1.042324762196929822e+00,4.017680000000000000e+06,1.345118262236625561e+00,4.017680000000000000e+06,4.017680000000000000e+06,1.044989448781613595e+00,1.032518424291484882e+00,1.008029862393173159e+00,1.008029011568319921e+00,1.006419261775870488e+00,9.731687103802009187e-01,1.031693624801476084e+00,9.669564532308960736e-01,1.019802500159619818e+00,9.857026556479818735e-01,9.478091101143344410e-01,9.546622630805562393e-01,9.700595852691131782e-01,1.035824784131673892e+00,1.035824784131673892e+00,1.066954576574219882e+00,9.912372056840936807e-01,1.001600262506957995e+00,1.025935250893176720e+00,1.039984581989196633e+00,9.646362180270996456e-01,1.000800320027930956e+00,9.716124960841873159e-01,1.007224495142635901e+00,1.050018543492423850e+00,9.896468012148394999e-01,9.984002636918433149e-01
0.000000000000000000e+00,1.048340005175205203e+00,1.020744778643839057e+00,9.693893052067460436e-01,0.000000000000000000e+00,1.058028035114337850e+00,1.715846870713694017e+00,1.055492810440387785e+00,0.000000000000000000e+00,0.000000000000000000e+00,0.000000000000000000e+00,1.057551196464126209e+00,0.000000000000000000e+00,1.179002100134076247e+00,0.000000000000000000e+00,1.004361248339556978e+00,1.008776566380656270e+00,1.011786635824923453e+00,8.384541788288257802e-01,0.000000000000000000e+00,0.000000000000000000e+00,0.000000000000000000e+00,1.004738754470939854e+00,0.000000000000000000e+00,0.000000000000000000e+00,3.963540000000000000e+06,1.636284687461012632e+00,9.872938343326806976e-01,9.912393927541492955e-01,3.885000000000000000e+06,9.979915865468287350e-01,1.012475558490567584e+00,1.016735768167351006e+00,1.002387758231217063e+00,1.094210641320754185e+00,9.972092603993556459e-01,1.018136289801682359e+00,1.096388179687411757e+00,1.035824300744224713e+00,3.990420000000000000e+06,4.071659999999999534e+06,0.000000000000000000e+00,1.066097156089782727e+00,1.030864097159587045e+00,0.000000000000000000e+00,0.000000000000000000e+00,1.028394577130770093e+00,8.727954848323385972e-01,9.786295108243678875e-01,1.039156242469196245e+00,9.849095924235445887e-01,9.984012788770583180e-01,9.528837341678726425e-01,9.300485905715341062e-01,9.447685724479999436e-01,9.584762351266076230e-01,9.150085639320802988e-01,9.731682776708256988e-01,9.896550007968747398e-01,9.623224235771993262e-01,1.013688754901846067e+00,1.013688754901846067e+00,1.017753664024390270e+00,9.778428076146471470e-01,1.018567205470693127e+00
1.045256731958106977e+00,9.499885195331617682e-01,0.000000000000000000e+00,1.161766880615297204e+00,1.029355148972008083e+00,1.012033682903039855e+00,3.996800000000000000e+06,9.948424694338618979e-01,1.088546752669474760e+00,4.122010000000000000e+06,0.000000000000000000e+00,1.034519787427491622e+00,1.079619770585194427e+00,0.000000000000000000e+00,0.000000000000000000e+00,0.000000000000000000e+00,3.325350968392015716e-01,0.000000000000000000e+00,1.034270553240380863e+00,9.279126212698496357e-01,0.000000000000000000e+00,1.115257555864845651e+00,1.107234960876587015e+00,0.000000000000000000e+00,0.000000000000000000e+00,1.023665203132958501e+00,1.023883757761082869e+00,0.000000000000000000e+00,9.664948624042682956e-01,9.821662396838315434e-01,1.048759774231215802e+00,9.845043271644255967e-01,9.715990452502416552e-01,9.534973231845669250e-01,1.016939751181512586e+00,9.751150479967691798e-01,9.880669110745278205e-01,3.930820000000000000e+06,1.006823420922800416e+00,9.948206375449083483e-01,9.952074540852157147e-01,9.723794775749192709e-01,1.025105449670123292e+00,9.976058011129373959e-01,1.023481579717213208e+00,9.708365763548837402e-01,8.997408440223518822e-01,9.778489710601040441e-01,9.577199008566307237e-01,1.025932156763202041e+00,9.216279537826230772e-01,9.991993201720112960e-01,9.802031561510997637e-01,9.841210485142561915e-01,1.004818839788879536e+00,9.960119361474654154e-01,1.026749976082619975e+00,9.778511807253201793e-01,1.064393693090355253e+00,1.012885505792299634e+00,1.047500240382214454e+00,1.055907130616846601e+00,1.055907130616846601e+00,1.079894182010696868e+00,9.866636260003190939e-01
1.074827095462018933e+00,0.000000000000000000e+00,1.084153687926193932e+00,4.012840000000000000e+06,9.051392170949761340e-01,9.734345038176507314e-01,8.858786440027005549e-01,9.174596989652068491e-01,0.000000000000000000e+00,0.000000000000000000e+00,0.000000000000000000e+00,0.000000000000000000e+00,1.099615222608835596e+00,9.850325889181501537e-01,9.905254755520301879e-01,9.606595586687294297e-01,9.413213063917690304e-01,1.054260153223697705e+00,9.553820378995618867e-01,2.912496654939095375e+00,8.321414036599901198e-01,9.758589315609770276e-01,1.021286409577165877e+00,0.000000000000000000e+00,9.695058112277319395e-01,9.506097206688571832e-01,1.029677232177053758e+00,1.061692827825702068e+00,1.000366568266225942e+00,4.079970000000000000e+06,4.079970000000000000e+06,1.078326036994476489e+00,1.067810392406545184e+00,1.044578335337818853e+00,9.597584996705380567e-01,1.073879860747221970e+00,0.000000000000000000e+00,1.005617459147010839e+00,1.005617459147010839e+00,0.000000000000000000e+00,1.005617459147010839e+00,1.055493336786760716e+00,1.021845508813409076e+00,1.089827835001275780e+00,1.035002253084020829e+00,9.928214836338178362e-01,9.912389864113455573e-01,1.010452856489813200e+00,9.809846390566612229e-01,9.786309228431466778e-01,9.561846646369402958e-01,1.000804324847157645e+00,9.754997431186049894e-01,1.029229546671656559e+00,1.072949414377229127e+00,9.968070128900817783e-01,1.040814494486512309e+00,1.043314766253933046e+00,9.686934641382068945e-01,1.014506036274205103e+00,9.700577100145695297e-01,1.034167531740370238e+00,9.880692999435352064e-01,1.000804324847157645e+00,9.849176812860441776e-01
9.682184698310740689e-01,9.322090525332502597e-01,0.000000000000000000e+00,0.000000000000000000e+00,1.016988556455497239e+00,1.031725934245884213e+00,1.013647156856266607e+00,2.764609999999999627e+07,1.118665857756620419e+00,1.082739454729413131e+00,9.379930199612172004e-01,9.940198042506536158e-01,9.951384935262855835e-01,9.973831132445537540e-01,9.731702263135038056e-01,0.000000000000000000e+00,9.835808689165548291e-01,0.000000000000000000e+00,9.778168718497819434e-01,9.136152563566791729e-01,1.030173690303146872e+00,9.362161568097469022e-01,1.051247059190540512e+00,1.038903058893269948e+00,1.028613235145806160e+00,4.070000000000000000e+06,0.000000000000000000e+00,1.074498079645960891e+00,0.000000000000000000e+00,1.103091748309305231e+00,1.074599260054530880e+00,9.501666157857323602e-01,9.899259989976766372e-01,1.008431717376754300e+00,9.600147021847570405e-01,0.000000000000000000e+00,9.567676141647699639e-01,1.071228969220785920e+00,1.032520209419608204e+00,9.876771832580191202e-01,9.849996146449380152e-01,1.019391840279150419e+00,9.798091201532771466e-01,1.054218722939489483e+00,1.026748332863779867e+00,1.004011919428550836e+00,1.035833462981874842e+00,1.040809018096108707e+00,9.896487579713665328e-01,9.607901364302932068e-01,1.009649151792056498e+00,9.849133566580408061e-01,1.004011999827254531e+00,1.005620540694458054e+00,9.999999998999999917e-01,1.021021202970449071e+00,1.000805326056972477e+00,1.012883484880738871e+00,9.952723454684694326e-01,9.677270535438636800e-01,9.960021156057201619e-01,9.554209918327936091e-01,1.005601568862651174e+00,9.429022652581335873e-01,9.654106896280790773e-01
0.000000000000000000e+00,1.000515740769913231e+00,1.001602559072250154e+00,9.758453868188061708e-01,0.000000000000000000e+00,1.013691720994129408e+00,0.000000000000000000e+00,1.094924229160246343e+00,9.686084706940430999e-01,1.077674871000974033e+00,1.054074324469101764e+00,1.003461720714242000e+00,1.028738427371453934e+00,1.031251149352612861e+00,9.597893745555804434e-01,0.000000000000000000e+00,1.004751602680227451e+00,1.018028719844328966e+00,0.000000000000000000e+00,9.826045586540261834e-01,0.000000000000000000e+00,9.659816644587670975e-01,9.661078124661367506e-01,9.670623579751836951e-01,1.006435841940316989e+00,0.000000000000000000e+00,9.054971512546372558e-01,1.016284037959018338e+00,0.000000000000000000e+00,1.030055945555760744e+00,1.963535581244251871e+00,9.216310344373341845e-01,0.000000000000000000e+00,9.201106870330982845e-01,0.000000000000000000e+00,1.011199124666147586e+00,9.776816267181074327e-01,1.014500197806337711e+00,1.045260915010577607e+00,9.708309516752241519e-01,9.755025434903439319e-01,1.012993149989820374e+00,1.018576838806397156e+00,1.072953590889898390e+00,1.048334164343292629e+00,1.035837439696638107e+00,1.027573342960933722e+00,1.038323762053480648e+00,1.009645093802316707e+00,1.035003971955016144e+00,1.039987275094264918e+00,9.975998320983640033e-01,1.016128755772863990e+00,9.999999998999999917e-01,9.661779157036265442e-01,9.630942217875867462e-01,9.715963735739460150e-01,9.201556262549742682e-01,1.033342787416643649e+00,9.327585206611059832e-01,9.569565641795190203e-01,9.584814958920616634e-01,1.017760362126384655e+00,1.013696174976998821e+00,9.106451069437383472e-01
1.021440163801534018e+00,0.000000000000000000e+00,0.000000000000000000e+00,6.764705832612457614e-01,0.000000000000000000e+00,0.000000000000000000e+00,1.035966563516495409e+00,9.884147324995529171e-01,9.964131992474151156e-01,0.000000000000000000e+00,0.000000000000000000e+00,0.000000000000000000e+00,9.290083741318460042e-01,9.834124805621148324e-01,0.000000000000000000e+00,0.000000000000000000e+00,0.000000000000000000e+00,1.028223585516545358e+00,9.211082748668809606e-01,1.024890784913058628e+00,1.051443590389979033e+00,9.742418567122199669e-01,0.000000000000000000e+00,1.330328321284562243e+00,0.000000000000000000e+00,1.004586909995881516e+00,0.000000000000000000e+00,1.115128501808654526e+00,1.005805847009787035e+00,1.305136778361321692e+00,5.040153079812568215e-01,0.000000000000000000e+00,9.888659054667184867e-01,1.010229918239565539e+00,9.964016852376843536e-01,9.971608041687197721e-01,9.794097853515745244e-01,9.425156095840481196e-01,1.031854944136450181e+00,9.508108073191464671e-01,9.195905984738848016e-01,0.000000000000000000e+00,9.538775429581517473e-01,9.723881552688128371e-01,9.825504618925179345e-01,9.716113766479408387e-01,1.025929838709501496e+00,1.021831032796908456e+00,1.026756452454970603e+00,1.021831032796908456e+00,1.060147821681200364e+00,9.864941100706686727e-01,9.708301718509305678e-01,1.071233032558517317e+00,1.097261848391375416e+00,9.394972076960853569e-01,1.014506328476285857e+00,9.755046812926652100e-01,9.778465553610815597e-01,1.001599292127879570e+00,1.059334384459772238e+00,9.485671146553119604e-01,9.485671146553119604e-01,9.747230722702416861e-01,9.369781229861041671e-01
1.005416883314445897e+00,1.078845879252445572e+00,0.000000000000000000e+00,9.550664660030158126e-01,1.070794858391610260e+00,9.275949496268324213e-01,0.000000000000000000e+00,1.042701080211414277e+00,1.037014837448450466e+00,9.865278945142893496e-01,1.026829465258455754e+00,8.771258547569346087e-01,8.063282382904749523e-01,1.069585928988527890e+00,0.000000000000000000e+00,9.847088647737123335e-01,9.810732688246944777e-01,1.007455235599878929e+00,1.014557777392699478e+00,0.000000000000000000e+00,1.000564288261226231e+00,9.848262571664082587e-01,1.010225713381623480e+00,8.719210283453526777e-01,9.989141263196817944e-01,9.504591447865650133e-01,9.422345222106066620e-01,1.032968098559418957e+00,0.000000000000000000e+00,9.655997242913192391e-01,1.034822356595911597e+00,1.018610899571167350e+00,0.000000000000000000e+00,1.061243128406265779e+00,9.755083412958173161e-01,9.138395723106751412e-01,1.075611765622546123e+00,9.531303610550619920e-01,9.885779559539795702e-01,1.019010706075304640e+00,1.036671633795323011e+00,9.342398391538832003e-01,9.282845888494636322e-01,9.040949012486125813e-01,9.638660329356217860e-01,1.034180070810013952e+00,9.470422177820242426e-01,1.022664544816244803e+00,1.005625300717388759e+00,1.083306455695437265e+00,1.061002768485077130e+00,9.849121761451907764e-01,1.030040130538258047e+00,9.402463746117418752e-01,9.968001516561536546e-01,8.954417652726476273e-01,1.075531933533771856e+00,1.012073134809087893e+00,1.004818260173543809e+00,1.060148503022951827e+00,1.067810126576581364e+00,1.061854193876298424e+00,1.017759921116794475e+00,9.864927944037966689e-01,9.661847096496702925e-01
0.000000000000000000e+00,0.000000000000000000e+00,9.330372209934442163e-01,9.965466595649179471e-01,9.921546234345846038e-01,0.000000000000000000e+00,1.045401282485550531e+00,1.062829388850907497e+00,9.122161216218226398e-01,9.908461339639698107e-01,9.479980330704130820e-01,9.919010166026064335e-01,1.074714158607341430e+00,0.000000000000000000e+00,0.000000000000000000e+00,9.934763217763338261e-01,1.016107353040343053e+00,0.000000000000000000e+00,9.943222703818657138e-01,1.059103243302429220e+00,0.000000000000000000e+00,1.049356198436931731e+00,0.000000000000000000e+00,1.015318605120646422e+00,9.633556966263462362e-01,1.042584845390647441e+00,9.586243512955242574e-01,1.044033809138795954e+00,9.646390445594351659e-01,9.615474644997449305e-01,1.004752409710396144e+00,9.733356536948908344e-01,1.007943252229697606e+00,0.000000000000000000e+00,9.260480682337393077e-01,4.012840000000000000e+06,9.944116472881520119e-01,9.976008788456249832e-01,1.007229984463438477e+00,1.004815480003847794e+00,1.006293968969402819e+00,9.538943029750313052e-01,9.316101509240372058e-01,1.051704504544486829e+00,9.523467674932361016e-01,1.006416507055909015e+00,9.677309534336553387e-01,1.007221897624157814e+00,1.062697414920095840e+00,9.630854101711852078e-01,9.592405359981932556e-01,1.011263299642866542e+00,9.991983205718514283e-01,9.365043882934649400e-01,1.028396343808100521e+00,1.006416571427354523e+00,1.044152622611014491e+00,1.078970875287821540e+00,1.078970875287821540e+00,1.032519912118770256e+00,1.077241931756386828e+00,1.006419535995006109e+00,9.569477195513707013e-01,1.005614715488089672e+00,1.018566739635834439e+00
1.125724986101561909e+00,1.207689469723342901e+00,9.811830649086732414e-01,9.626748161826305106e-01,9.897899607525675325e-01,9.415152061825782237e-01,9.445230643128533776e-01,9.802582939591145683e-01,9.119642158793229703e-01,0.000000000000000000e+00,0.000000000000000000e+00,1.022982092792965148e+00,1.122303027732255654e+00,1.038324379695169775e+00,9.333205437908214108e-01,9.786318360242304282e-01,0.000000000000000000e+00,0.000000000000000000e+00,0.000000000000000000e+00,9.213735214673456353e-01,9.411219345545394077e-01,1.021637947087955967e+00,1.023294760498366873e+00,9.669490442224724092e-01,1.025070357015160027e+00,9.964178868842459291e-01,9.941656483918852594e-01,0.000000000000000000e+00,0.000000000000000000e+00,9.524253013981724969e-01,0.000000000000000000e+00,0.000000000000000000e+00,0.000000000000000000e+00,1.033342220040063930e+00,0.000000000000000000e+00,1.019817364144907978e+00,9.950203943433953979e-01,1.031911971042961174e+00,9.944195136526037260e-01,9.716051572262039970e-01,1.001605290553444272e+00,8.961701965653745550e-01,9.700596913998877913e-01,1.030041698536483086e+00,9.142818898871557520e-01,9.896558927000671524e-01,1.025938975831291566e+00,9.952146760908169298e-01,9.432658411319965186e-01,9.770611372598820843e-01,9.888644724083857085e-01,9.872789412046178992e-01,9.172143944102819635e-01,9.747206427214403224e-01,9.817638664980516960e-01,1.037503970831177735e+00,9.685037587113290991e-01,1.008037716729410338e+00,1.044989375740855486e+00,9.723812245790357522e-01,9.661821361632483285e-01,9.661821361632483285e-01,9.589194472996334095e-01,9.536302894482266979e-01,9.535856822979589253e-01
9.579109208748548543e-01,9.473839496528630999e-01,9.771181684738323714e-01,0.000000000000000000e+00,0.000000000000000000e+00,9.534602238478853131e-01,1.069033460362421861e+00,9.807100792512908338e-01,3.411569040702636113e-01,1.005484687984913972e+00,1.090511294652555030e+00,9.757273788168966400e-01,0.000000000000000000e+00,1.067915303120102966e+00,1.024484323517669049e+00,1.127579199157917600e+00,8.933538778955023574e-01,9.132490451749039062e-01,9.873936109773555625e-01,1.010281062652912620e+00,1.025085117231316012e+00,0.000000000000000000e+00,0.000000000000000000e+00,0.000000000000000000e+00,9.504513453646259435e-01,1.064192506920920378e+00,1.009672945911657571e+00,0.000000000000000000e+00,1.007853704814824169e+00,9.944185720844425092e-01,1.067216725363149710e+00,1.495535809639742864e+00,9.789629114341273919e-01,9.642293324565418544e-01,9.208917551108080080e-01,1.010234185373130700e+00,1.034174297818392763e+00,9.401573759991291857e-01,9.478060652341132597e-01,1.039596137476277216e+00,9.912353888975053984e-01,9.946875876730399968e-01,9.928241916013725854e-01,9.600203836694674031e-01,9.692788640466633021e-01,9.968091053317881256e-01,1.078108518778798208e+00,1.031701704504154105e+00,9.128163225427354810e-01,9.523657581303860420e-01,9.841242286801312744e-01,9.623212428190831558e-01,1.012885894860348079e+00,9.864907278591869000e-01,1.006425529466001167e+00,1.086772947794159894e+00,9.770638120253565262e-01,9.747238208983123320e-01,9.880687069722895455e-01,1.016129194748321085e+00,9.646294257707560549e-01,9.615579957876695394e-01,9.747206316905508983e-01,9.708304187097099858e-01,9.677332414333611466e-01
1.092384568371310039e+00,1.032797949063635645e+00,0.000000000000000000e+00,1.052692115311223420e+00,0.000000000000000000e+00,9.626510088099162754e-01,9.905758148930204898e-01,1.080395138145241463e+00,1.000800452870288293e+00,1.004773787802476281e+00,1.015516244188148898e+00,9.966633740537730324e-01,1.038316909268583554e+00,9.908957913232028236e-01,0.000000000000000000e+00,1.043298412238026440e+00,0.000000000000000000e+00,9.916307419482298657e-01,0.000000000000000000e+00,9.666828324903877778e-01,9.620952506749080868e-01,1.052947369511801678e+00,9.202855763727572080e-01,9.665919105963142188e-01,1.068142542912400295e+00,9.553500587128649357e-01,1.024287404391885037e+00,0.000000000000000000e+00,1.005933508456685832e+00,9.468873833169284548e-01,9.841257401489791334e-01,1.044166849436208633e+00,9.563855132471565934e-01,0.000000000000000000e+00,0.000000000000000000e+00,0.000000000000000000e+00,9.824961171418939987e-01,0.000000000000000000e+00,1.009150360283718406e+00,1.044967849343045874e+00,1.011265446895790676e+00,9.500877414403173793e-01,9.577040840344627215e-01,9.470360497901757491e-01,9.172101483085486340e-01,9.723888986555033753e-01,1.025929576062629467e+00,1.018573929789578614e+00,1.041642428552307820e+00,9.379977730611416264e-01,1.027579949308085272e+00,9.747282258933511745e-01,1.040818034032291894e+00,9.864888755476273197e-01,9.904438693281804040e-01,9.880695824067525779e-01,9.778441454729187576e-01,9.952104947131673596e-01,9.864935192941854947e-01,9.960120157487436510e-01,1.012879018049056334e+00,9.739405900548760986e-01,9.630930181401169410e-01,9.751667513383780461e-01,9.716145883714525366e-01
0.000000000000000000e+00,0.000000000000000000e+00,9.579148070845096008e-01,9.411278066080314142e-01,1.007071584059876734e+00,1.049300166691266911e+00,0.000000000000000000e+00,0.000000000000000000e+00,0.000000000000000000e+00,1.010931297800813145e+00,9.940179086788057949e-01,3.650944301334383413e-01,1.063254400268420552e+00,1.078015078911212399e+00,9.338832376230571386e-01,9.380764365357768808e-01,9.731647169386499208e-01,9.155609200247637469e-01,9.632405333597062747e-01,0.000000000000000000e+00,1.034898693629205058e+00,1.088613693983021324e+00,9.762601725261044194e-01,9.885562505663375577e-01,9.991963213715318037e-01,1.041072938969115347e+00,1.009641856568877394e+00,0.000000000000000000e+00,9.957021677981925389e-01,1.050625763591028106e+00,9.601353340255558422e-01,1.076662423177094707e+00,9.864878285194228491e-01,9.275482676666202408e-01,9.825482264733095272e-01,1.021017076460993822e+00,9.739357028383951453e-01,1.004003951747770795e+00,9.786310747804899401e-01,1.003210087888982915e+00,9.960059480637525331e-01,1.037485700442660530e+00,9.999999998999999917e-01,9.960079440916569382e-01,9.290289633544959180e-01,1.114081591825598849e+00,1.010460911187741395e+00,1.004813320830111101e+00,1.063541950115945323e+00,1.103422625185606964e+00,1.070374891270081674e+00,1.085037206073725002e+00,1.010452926547010577e+00,1.050854164914301059e+00,9.747250685132258230e-01,1.024295678302512114e+00,9.380037773317831951e-01,9.669528191469553002e-01,1.011262620066443185e+00,1.003207041368710861e+00,1.026753917951400252e+00,1.006423187979176292e+00,1.016138233158149218e+00,1.011260928188198349e+00,9.150113395168456565e-01
0.000000000000000000e+00,9.878341725692804109e-01,9.330576542008217622e-01,9.481272689600963588e-01,0.000000000000000000e+00,9.837236158814550713e-01,9.883586769237887593e-01,0.000000000000000000e+00,0.000000000000000000e+00,0.000000000000000000e+00,1.045639847776608899e+00,9.723853952015558688e-01,1.024710347924384424e+00,9.814346658839875337e-01,9.867289048219677339e-01,1.073849935326327554e+00,9.626165414633787165e-01,9.880729931829134172e-01,1.034655978836019674e+00,0.000000000000000000e+00,0.000000000000000000e+00,1.000976562303711681e+00,9.716925766231421235e-01,9.739315834469343125e-01,9.908471604404701649e-01,1.032608438089338332e+00,1.062604487161923128e+00,9.857817810085317545e-01,8.459126763897168999e-01,1.013593464526597154e+00,1.015322022320024331e+00,9.883119746579230869e-01,1.112315379992473652e+00,1.092506493655386102e+00,1.093337464023427907e+00,9.880722088145698079e-01,9.976068477514150601e-01,1.056349323748853486e+00,1.053129851773676906e+00,1.103444071428885120e+00,1.022998186966024070e+00,9.944136974108341853e-01,9.944136974108341853e-01,1.032526893909525567e+00,1.006817593885813933e+00,9.493252919561828707e-01,1.025110893433349935e+00,9.304638766216890566e-01,9.872732329577291743e-01,9.297820028606900156e-01,9.607874663267134130e-01,9.928228376850514181e-01,9.723853291479812588e-01,1.017759156158324352e+00,1.013698078340957043e+00,9.920288843633437992e-01,9.379764231298294286e-01,9.470497800035954095e-01,9.357473109053868754e-01,1.014508225926012752e+00,1.025110681072672447e+00,1.025110681072672447e+00,9.638541317877139525e-01,1.010451700737343250e+00,9.397199451707414219e-01
0.000000000000000000e+00,1.138767639338444049e+00,1.002197029424493513e+00,1.056839743258906505e+00,9.652914879044294238e-01,9.706883465892161000e-01,9.094514964027748949e-01,1.017751920912024044e+00,8.975629582768158699e-01,1.011199378313980768e+00,9.730531156336558185e-01,9.656483165960384474e-01,9.872240167206223216e-01,9.985647895588735112e-01,9.917129330012190991e-01,1.023729194350647465e+00,1.041735881929281682e+00,9.561920528729229707e-01,1.118441216690515549e+00,1.000964320007149411e+00,1.015101295871954523e+00,1.075539829246605406e+00,0.000000000000000000e+00,1.044025059789948306e+00,0.000000000000000000e+00,1.039444647867426186e+00,9.535691503218398646e-01,9.851138147023515979e-01,0.000000000000000000e+00,9.991144894791419429e-01,1.033544788844532603e+00,9.296500230171027557e-01,1.066296897399279908e+00,1.049179891063771741e+00,1.004532326134247588e+00,9.587877134305723414e-01,1.039147815309809930e+00,0.000000000000000000e+00,0.000000000000000000e+00,1.055910515113411829e+00,9.932321290548009607e-01,1.029406123932707029e+00,1.025942631483536038e+00,1.044418270475218957e+00,1.040833949046789275e+00,9.872785620336734791e-01,9.841257401489791334e-01,9.478080550495237011e-01,9.646373679386556210e-01,1.030885952423761465e+00,9.402581407517058842e-01,1.001604288143218557e+00,9.786276002316056655e-01,9.577217790323705460e-01,9.172142056055597736e-01,9.425087343805795825e-01,9.708244679894774132e-01,9.253238446963193420e-01,9.312598279970228932e-01,9.801801354995614002e-01,9.394873483028356453e-01,9.447566033335512703e-01,9.447566033335512703e-01,9.952104469323107550e-01,9.755089139240941121e-01
9.825532293542530438e-01,9.725270076841509015e-01,9.628053086477889044e-01,0.000000000000000000e+00,0.000000000000000000e+00,1.060438297996337154e+00,1.030907521524949688e+00,0.000000000000000000e+00,1.094183926865330392e+00,9.669514772167591143e-01,1.042477704331237653e+00,9.534015682054777230e-01,9.429459999057053787e-01,1.001603285734999016e+00,9.462823668155845303e-01,0.000000000000000000e+00,9.817645892220582260e-01,9.476604403416784006e-01,9.592248241397557385e-01,9.979441675962531511e-01,9.862522261481967423e-01,9.852401949972704465e-01,9.934517464679656351e-01,9.542535229033581867e-01,9.427468301974821774e-01,9.631653601119760655e-01,9.531341533925860032e-01,1.020064224792987639e+00,1.063556904146819582e+00,9.826046712194584920e-01,1.030861997614978876e+00,1.012880909602876578e+00,1.078980131705020051e+00,1.017908664354837400e+00,1.012884227035653284e+00,1.023469495015998154e+00,1.029220535416082161e+00,9.817711583794831443e-01,1.018572532895186455e+00,1.008034071914278407e+00,1.009046734698116454e+00,9.708308285650116831e-01,9.793122588918004023e-01,1.115582455560779840e+00,9.825577936295492032e-01,9.716133228546744993e-01,1.064409578750576957e+00,9.633162140566183806e-01,9.470437067120563990e-01,9.538874072273942906e-01,1.073804287104377364e+00,9.669564532308960736e-01,1.016125259982406659e+00,1.021023023381038897e+00,1.010452751410844785e+00,9.342117968813531403e-01,9.492844346597136829e-01,1.008842411333950251e+00,1.022658558234693427e+00,9.849141438228372625e-01,1.031691138503195493e+00,1.039975607859295437e+00,1.025110426853455659e+00,1.014506620690138972e+00,1.035840236930193781e+00
1.053379161174731626e+00,1.049172368972605796e+00,1.042436269059698661e+00,1.023449662677932137e+00,9.853701172998018398e-01,0.000000000000000000e+00,9.214270976201381913e-01,9.586476219695737599e-01,0.000000000000000000e+00,1.018008291733096371e+00,9.457002973627988140e-01,1.007215259398088536e+00,1.025617697590278654e+00,9.992003197721711638e-01,1.279741646839980929e+00,9.607715086034034346e-01,9.841228112708573228e-01,9.849127577083873764e-01,1.002402859302329530e+00,1.032519176789934656e+00,1.043318224514176995e+00,9.876566689621611994e-01,9.903728157511667574e-01,9.423573632450286119e-01,1.011259231744350284e+00,9.523636611172251465e-01,9.727190585921610122e-01,1.000241320441082937e+00,1.029774822731727824e+00,1.054251998105713684e+00,9.991973209716915605e-01,9.779881674943123882e-01,1.029220947103499206e+00,1.009643549311562527e+00,1.050851731545043410e+00,9.968081387968563689e-01,1.049172872617055940e+00,9.944105386032419114e-01,1.049193633404366555e+00,1.010458846087838758e+00,9.809840740649529156e-01,1.046624157631059315e+00,1.053974315652676852e+00,1.050067465848518955e+00,9.975988812427487584e-01,1.024293431844566671e+00,9.976048979736914513e-01,9.960029540218962030e-01,9.493291238222564266e-01,9.976009028078425267e-01,1.025113415320691113e+00,9.523661275383912272e-01,9.106191225442150650e-01,9.546358326378800996e-01,9.531157298055117355e-01,1.030870678538484242e+00,9.984002796764188670e-01,9.960059480637525331e-01,9.833382917823656477e-01,1.013690658273828094e+00,1.062702050429473521e+00,9.825508544170513670e-01,9.952094493166124822e-01,1.004007090214742881e+00,9.577195916911066531e-01
9.914625897540323418e-01,9.709960885998576430e-01,1.013522361855140330e+00,0.000000000000000000e+00,9.682435610099636714e-01,9.213072277259224396e-01,9.560519738835904224e-01,1.001559113626006026e+00,1.070373704961307570e+00,1.057346698015636077e+00,1.020427034603053285e+00,1.242691945002948328e+00,1.009327491168097612e+00,1.010570574458637072e+00,0.000000000000000000e+00,1.036329912021704880e+00,9.842201709120301789e-01,1.004012040027814523e+00,9.218441812995102902e-01,9.895666727243435101e-01,1.025115340938186570e+00,1.006756822686883046e+00,1.008753224818573102e+00,9.618389847239718904e-01,1.053383186826433837e+00,1.023376633631145616e+00,1.005617684474491069e+00,1.036940180248188792e+00,1.040884933462114859e+00,9.601961647096090013e-01,1.091880176901926625e+00,9.900627092637329651e-01,0.000000000000000000e+00,1.004556719746198201e+00,9.725558815832313631e-01,9.594496422104588085e-01,1.000670408773431053e+00,1.010826562661883088e+00,9.800773400628732812e-01,1.013690796114696369e+00,9.374947866751505154e-01,9.342478063339021421e-01,9.547754691288161677e-01,9.960110575641194508e-01,9.904501257933729930e-01,1.025929313421078293e+00,9.470489776328521181e-01,9.493262793919148290e-01,1.092007357130255985e+00,9.801970003484434812e-01,9.841258976129702019e-01,1.022656948256624787e+00,9.944156918065819584e-01,1.006422629384942091e+00,9.833404399925289585e-01,1.016942827937821647e+00,9.833336638186950251e-01,1.034995981460777426e+00,9.960079042499840885e-01,9.944117587409093684e-01,1.035004512699959633e+00,1.033349223975849940e+00,1.025930843552440352e+00,9.984022621130903552e-01,1.040815243787548638e+00
9.599556128862968274e-01,9.988425924480840434e-01,9.778458981708482156e-01,9.870926494780107863e-01,1.026222926877789821e+00,1.015319840108583227e+00,1.021146566386821775e+00,1.023380437540811316e+00,1.012375284899662997e+00,0.000000000000000000e+00,1.073620810271484594e+00,9.911026680152479340e-01,8.618716694565959902e-01,1.078361692796709903e+00,8.932760071427499060e-01,1.055062878278835603e+00,1.015321250463171676e+00,0.000000000000000000e+00,1.018842320624707254e+00,0.000000000000000000e+00,1.003736219300891408e+00,9.802281213323451592e-01,9.456693754743380476e-01,1.008028241316323736e+00,9.415213178341010902e-01,9.928215551643327919e-01,1.021034404188572831e+00,9.674663737820569098e-01,1.099940695982638328e+00,9.960050696596870479e-01,1.079413883150951881e+00,9.844334730921232568e-01,9.944124216168960251e-01,1.037406412240091003e+00,1.042879105881755919e+00,0.000000000000000000e+00,1.027452176243675463e+00,1.033442560445076541e+00,0.000000000000000000e+00,1.019350718302721059e+00,9.677333673410787318e-01,9.208299071764597388e-01,1.034388891906593111e+00,1.055628712565919614e+00,1.035505226024484582e+00,1.017133959161115708e+00,1.034202442590510307e+00,9.457899025667476645e-01,9.106325924067304456e-01,9.661886131240722264e-01,9.936235321271881249e-01,9.786295108243678875e-01,1.027583781439036503e+00,1.019387975435498639e+00,9.290333769242817841e-01,9.128227415571049663e-01,9.238450302748245635e-01,9.731506226912346458e-01,9.364930880465407448e-01,9.912376059221081892e-01,9.538832533459065122e-01,9.238450302748245635e-01,1.018576179391232683e+00,9.967999919129357789e-01,1.027585228320201161e+00
0.000000000000000000e+00,1.036987969745546634e+00,1.024338339505729945e+00,1.033365153105310741e+00,9.917670466610934987e-01,1.046076755147978155e+00,1.052656735401864330e+00,9.666850535010348411e-01,1.009651083824295803e+00,9.567664742270360900e-01,1.023470359170916444e+00,9.299490753377644969e-01,1.013632748916923898e+00,9.888752204277423408e-01,9.911960891281111907e-01,1.007649605906011825e+00,0.000000000000000000e+00,0.000000000000000000e+00,1.009469188324289446e+00,9.817675615791371380e-01,1.019036378342997873e+00,1.060500572710196598e+00,9.775405644394312699e-01,9.395060530838230672e-01,9.258048491308936701e-01,9.663304269766540555e-01,1.002390396395227645e+00,9.939095112456373116e-01,1.052547853939057143e+00,1.035003800342192415e+00,1.022564642751290220e+00,9.382759575526026241e-01,9.960079440916569382e-01,1.035826282272730658e+00,1.067601693787622263e+00,1.027637663316634198e+00,9.694831503580821908e-01,9.510014130489886641e-01,1.044785886084263149e+00,1.066892584298043900e+00,9.514561578262654695e-01,9.607840061778926133e-01,9.770564865822342071e-01,9.871506204119756545e-01,9.719675008837307395e-01,9.685024106102033681e-01,9.917941860882312222e-01,9.365008080703340898e-01,9.685061994717076850e-01,9.708282839268534969e-01,1.040815202092606695e+00,9.960051493956323387e-01,9.630941166290772903e-01,9.762810822662556509e-01,1.007225510296555493e+00,1.097256805494008836e+00,1.088511667243399872e+00,1.019381989469006378e+00,9.538883894491881899e-01,1.046668481524543060e+00,9.801991959903175733e-01,9.685021158381554862e-01,9.630997830070271437e-01,9.928269662827736708e-01,9.739446280438291970e-01
1.106806023064640820e+00,1.050740947446224149e+00,9.967854345774357361e-01,1.027647828275455089e+00,9.716792246787319121e-01,9.853886625500748453e-01,9.984012787772980069e-01,9.701668050735867688e-01,9.881299808897302528e-01,9.833828109630877723e-01,9.180489722318510015e-01,9.505337750722110401e-01,8.926867510363977187e-01,1.008488717217318476e+00,1.066104069937729992e+00,1.116594049042495707e+00,1.136220409275397136e+00,1.030343724605745193e+00,9.973767536318761673e-01,1.001499991050343930e+00,1.003173284530504361e+00,1.040753828778898216e+00,1.056030215905419789e+00,9.016061805960441378e-01,9.999407598511219630e-01,1.041054720232031272e+00,9.959762869328780965e-01,1.015430287068760151e+00,1.103755916487346500e+00,1.010276441001819681e+00,1.124044357679025330e+00,9.646400753376641601e-01,1.039151738254063373e+00,0.000000000000000000e+00,9.605396312734709729e-01,0.000000000000000000e+00,9.763513644169067307e-01,1.037181827781159527e+00,9.482418269822818768e-01,9.615608664435699726e-01,9.551147793986024537e-01,9.523650098629243832e-01,9.755089340311228208e-01,1.034611502048219167e+00,9.824010833014825694e-01,9.700595852691131782e-01,1.026920998109607019e+00,1.024881973868015939e+00,1.035820467037873005e+00,1.080390776948962239e+00,9.646409381511446002e-01,9.809829862959276170e-01,9.794102512389264437e-01,9.817610809623966706e-01,9.692765034974626381e-01,9.455315300381578192e-01,9.778497344323420215e-01,1.078118768167737329e+00,9.841278659248035021e-01,9.778411843441523477e-01,9.888648002596723829e-01,9.960108983217217382e-01,1.063543818749718373e+00,9.569315303281287211e-01,9.477811182513810051e-01
1.017762964926229197e+00,9.363564695714536867e-01,1.030922820938037665e+00,9.465419322506395394e-01,9.739731840551265618e-01,9.809906825922956042e-01,9.670923156954961408e-01,1.012575356246097735e+00,9.701294108811089334e-01,9.587026713042879900e-01,1.016096595652189682e+00,1.026008808995111377e+00,9.234002157051375281e-01,9.935541436105195245e-01,1.064743863462072726e+00,1.157759661913470683e+00,1.009457311265716584e+00,9.280797494073429466e-01,9.849215093052468006e-01,1.023231944410547323e+00,1.083017597516957586e+00,1.004771151042959110e+00,1.025743408303182447e+00,1.004687235346477747e+00,1.056552799800009934e+00,9.888158969688306543e-01,1.042674815903309904e+00,9.323890540538034566e-01,1.016526401105996902e+00,1.001982168199059053e+00,9.786338229234174957e-01,9.809795472707395492e-01,1.079834749283671513e+00,1.076387988071982438e+00,9.983992644812198503e-01,9.888555174448191432e-01,9.874096168458784684e-01,9.838169651820388717e-01,9.983972980887084736e-01,9.402492603714417418e-01,9.983972980887084736e-01,1.049670472767292528e+00,1.063546605442421411e+00,1.103469305024055602e+00,9.853452353649612139e-01,1.005621549104260160e+00,1.097270082302354455e+00,9.866700612733239062e-01,1.130766975144709585e+00,1.087181884861707637e+00,9.327549413465470174e-01,1.018573180043435888e+00,9.669584287165784442e-01,1.001597287313414908e+00,9.778498535541244596e-01,9.849095924235445887e-01,9.794097853515745244e-01,9.786295108243678875e-01,9.716145883714525366e-01,1.019382968007461754e+00,1.024290899564519908e+00,8.720852969182879555e-01,9.952153395457550289e-01,9.410034332685774938e-01,9.372500241082907246e-01
1.016096595652189682e+00,1.063189881683864080e+00,1.005404609038697661e+00,9.338866465118506044e-01,1.044395045173722503e+00,1.007993756821583098e+00,1.014262504218746974e+00,1.008031998764549408e+00,1.008035339220283877e+00,9.838455300116261126e-01,9.967675607817236827e-01,1.058016581918106214e+00,1.076857600939260973e+00,9.980146183561091622e-01,1.016904465068819263e+00,1.089493705318510752e+00,1.046079032683139065e+00,1.039269612328183490e+00,1.055312729133304872e+00,9.340251349081525323e-01,1.017748563169134979e+00,1.051082215153885668e+00,1.004612031624426027e+00,9.748029084030587210e-01,1.012902366104058149e+00,1.011150482291651276e+00,9.902867092064265853e-01,9.145793190292944574e-01,1.004137980971317123e+00,9.944137531167693833e-01,9.578724280092235643e-01,1.009222349509070193e+00,9.592480086245768200e-01,9.413734641198279185e-01,1.045962757675842347e+00,9.037834255504911818e-01,1.026665814858873649e+00,9.395114522139699220e-01,1.049803468369911341e+00,1.051132207039330080e+00,1.067383199834804675e+00,1.021073275610752340e+00,1.027585639971735132e+00,1.029305044031052052e+00,9.744864063127431919e-01,9.841532183486660923e-01,9.821768258727013867e-01,1.022690668978186945e+00,1.000800323130384584e+00,9.357500676051457855e-01,9.719556675176532767e-01,9.922140908705439077e-01,9.531316502710779348e-01,9.429208462356591935e-01,9.654142429486898269e-01,9.654142429486898269e-01,9.976038513171721078e-01,9.523653394855224885e-01,1.008842411333950251e+00,1.028401907212622257e+00,1.028401907212622257e+00,9.999999998999999917e-01,9.999999998999999917e-01,9.999999998999999917e-01,9.999999998999999917e-01
